case	locus_id	chrom	position_0based	reference_base	read_id_1	read_id_2	base_1_reference_orientation	base_2_reference_orientation	quality_1	quality_2	comparable	pairwise_substitution	pairwise_indel	read1_mismatch_to_reference	read2_mismatch_to_reference
D_lowDNA_low6mA	chr16:30005486-30005986	chr16	30005486	C	ff2ebf09-e6c5-44a6-9adc-bcf131d2f326	6556a236-54b3-45f7-8ea5-b5566ee23450	G	G	40	45	True	False	False	True	True
D_lowDNA_low6mA	chr16:30005486-30005986	chr16	30005487	C	ff2ebf09-e6c5-44a6-9adc-bcf131d2f326	6556a236-54b3-45f7-8ea5-b5566ee23450	G	G	38	30	True	False	False	True	True
D_lowDNA_low6mA	chr16:30005486-30005986	chr16	30005488	C	ff2ebf09-e6c5-44a6-9adc-bcf131d2f326	6556a236-54b3-45f7-8ea5-b5566ee23450	G	G	32	12	True	False	False	True	True
D_lowDNA_low6mA	chr16:30005486-30005986	chr16	30005489	C	ff2ebf09-e6c5-44a6-9adc-bcf131d2f326	6556a236-54b3-45f7-8ea5-b5566ee23450	G	G	35	12	True	False	False	True	True
D_lowDNA_low6mA	chr16:30005486-30005986	chr16	30005490	G	ff2ebf09-e6c5-44a6-9adc-bcf131d2f326	6556a236-54b3-45f7-8ea5-b5566ee23450	C	C	35	12	True	False	False	True	True
D_lowDNA_low6mA	chr16:30005486-30005986	chr16	30005491	T	ff2ebf09-e6c5-44a6-9adc-bcf131d2f326	6556a236-54b3-45f7-8ea5-b5566ee23450	A	A	30	13	True	False	False	True	True
D_lowDNA_low6mA	chr16:30005486-30005986	chr16	30005492	G	ff2ebf09-e6c5-44a6-9adc-bcf131d2f326	6556a236-54b3-45f7-8ea5-b5566ee23450	C	C	28	45	True	False	False	True	True
D_lowDNA_low6mA	chr16:30005486-30005986	chr16	30005493	C	ff2ebf09-e6c5-44a6-9adc-bcf131d2f326	6556a236-54b3-45f7-8ea5-b5566ee23450	G	G	24	41	True	False	False	True	True
D_lowDNA_low6mA	chr16:30005486-30005986	chr16	30005494	C	ff2ebf09-e6c5-44a6-9adc-bcf131d2f326	6556a236-54b3-45f7-8ea5-b5566ee23450	G	G	22	50	True	False	False	True	True
D_lowDNA_low6mA	chr16:30005486-30005986	chr16	30005495	A	ff2ebf09-e6c5-44a6-9adc-bcf131d2f326	6556a236-54b3-45f7-8ea5-b5566ee23450	T	T	22	48	True	False	False	True	True
D_lowDNA_low6mA	chr16:30005486-30005986	chr16	30005496	G	ff2ebf09-e6c5-44a6-9adc-bcf131d2f326	6556a236-54b3-45f7-8ea5-b5566ee23450	C	C	19	40	True	False	False	True	True
D_lowDNA_low6mA	chr16:30005486-30005986	chr16	30005497	C	ff2ebf09-e6c5-44a6-9adc-bcf131d2f326	6556a236-54b3-45f7-8ea5-b5566ee23450	G	G	12	45	True	False	False	True	True
D_lowDNA_low6mA	chr16:30005486-30005986	chr16	30005498	A	ff2ebf09-e6c5-44a6-9adc-bcf131d2f326	6556a236-54b3-45f7-8ea5-b5566ee23450	T	T	15	50	True	False	False	True	True
D_lowDNA_low6mA	chr16:30005486-30005986	chr16	30005499	C	ff2ebf09-e6c5-44a6-9adc-bcf131d2f326	6556a236-54b3-45f7-8ea5-b5566ee23450	G	G	13	50	True	False	False	True	True
D_lowDNA_low6mA	chr16:30005486-30005986	chr16	30005500	A	ff2ebf09-e6c5-44a6-9adc-bcf131d2f326	6556a236-54b3-45f7-8ea5-b5566ee23450	T	T	10	50	True	False	False	True	True
D_lowDNA_low6mA	chr16:30005486-30005986	chr16	30005501	C	ff2ebf09-e6c5-44a6-9adc-bcf131d2f326	6556a236-54b3-45f7-8ea5-b5566ee23450	G	G	9	42	True	False	False	True	True
D_lowDNA_low6mA	chr16:30005486-30005986	chr16	30005502	A	ff2ebf09-e6c5-44a6-9adc-bcf131d2f326	6556a236-54b3-45f7-8ea5-b5566ee23450	C	T	8	41	True	True	False	True	True
D_lowDNA_low6mA	chr16:30005486-30005986	chr16	30005503	C	ff2ebf09-e6c5-44a6-9adc-bcf131d2f326	6556a236-54b3-45f7-8ea5-b5566ee23450	G	G	7	39	True	False	False	True	True
D_lowDNA_low6mA	chr16:30005486-30005986	chr16	30005504	G	ff2ebf09-e6c5-44a6-9adc-bcf131d2f326	6556a236-54b3-45f7-8ea5-b5566ee23450	-	C	-1	42	False	False	False	False	False
D_lowDNA_low6mA	chr16:30005486-30005986	chr16	30005505	A	ff2ebf09-e6c5-44a6-9adc-bcf131d2f326	6556a236-54b3-45f7-8ea5-b5566ee23450	T	T	7	50	True	False	False	True	True
D_lowDNA_low6mA	chr16:30005486-30005986	chr16	30005506	G	ff2ebf09-e6c5-44a6-9adc-bcf131d2f326	6556a236-54b3-45f7-8ea5-b5566ee23450	C	C	6	45	True	False	False	True	True
D_lowDNA_low6mA	chr16:30005486-30005986	chr16	30005507	T	ff2ebf09-e6c5-44a6-9adc-bcf131d2f326	6556a236-54b3-45f7-8ea5-b5566ee23450	A	A	7	45	True	False	False	True	True
D_lowDNA_low6mA	chr16:30005486-30005986	chr16	30005508	C	ff2ebf09-e6c5-44a6-9adc-bcf131d2f326	6556a236-54b3-45f7-8ea5-b5566ee23450	G	G	7	48	True	False	False	True	True
D_lowDNA_low6mA	chr16:30005486-30005986	chr16	30005509	C	ff2ebf09-e6c5-44a6-9adc-bcf131d2f326	6556a236-54b3-45f7-8ea5-b5566ee23450	G	G	9	48	True	False	False	True	True
D_lowDNA_low6mA	chr16:30005486-30005986	chr16	30005510	A	ff2ebf09-e6c5-44a6-9adc-bcf131d2f326	6556a236-54b3-45f7-8ea5-b5566ee23450	T	T	10	50	True	False	False	True	True
D_lowDNA_low6mA	chr16:30005486-30005986	chr16	30005511	G	ff2ebf09-e6c5-44a6-9adc-bcf131d2f326	6556a236-54b3-45f7-8ea5-b5566ee23450	C	C	10	50	True	False	False	True	True
D_lowDNA_low6mA	chr16:30005486-30005986	chr16	30005512	C	ff2ebf09-e6c5-44a6-9adc-bcf131d2f326	6556a236-54b3-45f7-8ea5-b5566ee23450	G	G	10	50	True	False	False	True	True
D_lowDNA_low6mA	chr16:30005486-30005986	chr16	30005513	T	ff2ebf09-e6c5-44a6-9adc-bcf131d2f326	6556a236-54b3-45f7-8ea5-b5566ee23450	A	A	12	50	True	False	False	True	True
D_lowDNA_low6mA	chr16:30005486-30005986	chr16	30005514	T	ff2ebf09-e6c5-44a6-9adc-bcf131d2f326	6556a236-54b3-45f7-8ea5-b5566ee23450	A	A	11	49	True	False	False	True	True
D_lowDNA_low6mA	chr16:30005486-30005986	chr16	30005515	C	ff2ebf09-e6c5-44a6-9adc-bcf131d2f326	6556a236-54b3-45f7-8ea5-b5566ee23450	G	G	11	44	True	False	False	True	True
D_lowDNA_low6mA	chr16:30005486-30005986	chr16	30005516	C	ff2ebf09-e6c5-44a6-9adc-bcf131d2f326	6556a236-54b3-45f7-8ea5-b5566ee23450	G	G	5	44	True	False	False	True	True
D_lowDNA_low6mA	chr16:30005486-30005986	chr16	30005517	T	ff2ebf09-e6c5-44a6-9adc-bcf131d2f326	6556a236-54b3-45f7-8ea5-b5566ee23450	A	A	2	41	True	False	False	True	True
D_lowDNA_low6mA	chr16:30005486-30005986	chr16	30005518	C	ff2ebf09-e6c5-44a6-9adc-bcf131d2f326	6556a236-54b3-45f7-8ea5-b5566ee23450	G	G	2	34	True	False	False	True	True
D_lowDNA_low6mA	chr16:30005486-30005986	chr16	30005519	G	ff2ebf09-e6c5-44a6-9adc-bcf131d2f326	6556a236-54b3-45f7-8ea5-b5566ee23450	-	C	-1	40	False	False	False	False	False
D_lowDNA_low6mA	chr16:30005486-30005986	chr16	30005520	G	ff2ebf09-e6c5-44a6-9adc-bcf131d2f326	6556a236-54b3-45f7-8ea5-b5566ee23450	A	C	3	44	True	True	False	True	True
D_lowDNA_low6mA	chr16:30005486-30005986	chr16	30005521	A	ff2ebf09-e6c5-44a6-9adc-bcf131d2f326	6556a236-54b3-45f7-8ea5-b5566ee23450	T	T	5	43	True	False	False	True	True
D_lowDNA_low6mA	chr16:30005486-30005986	chr16	30005522	G	ff2ebf09-e6c5-44a6-9adc-bcf131d2f326	6556a236-54b3-45f7-8ea5-b5566ee23450	C	C	4	44	True	False	False	True	True
D_lowDNA_low6mA	chr16:30005486-30005986	chr16	30005523	G	ff2ebf09-e6c5-44a6-9adc-bcf131d2f326	6556a236-54b3-45f7-8ea5-b5566ee23450	C	C	3	41	True	False	False	True	True
D_lowDNA_low6mA	chr16:30005486-30005986	chr16	30005524	T	ff2ebf09-e6c5-44a6-9adc-bcf131d2f326	6556a236-54b3-45f7-8ea5-b5566ee23450	A	A	3	42	True	False	False	True	True
D_lowDNA_low6mA	chr16:30005486-30005986	chr16	30005525	G	ff2ebf09-e6c5-44a6-9adc-bcf131d2f326	6556a236-54b3-45f7-8ea5-b5566ee23450	C	C	3	43	True	False	False	True	True
D_lowDNA_low6mA	chr16:30005486-30005986	chr16	30005526	T	ff2ebf09-e6c5-44a6-9adc-bcf131d2f326	6556a236-54b3-45f7-8ea5-b5566ee23450	A	A	3	46	True	False	False	True	True
D_lowDNA_low6mA	chr16:30005486-30005986	chr16	30005527	T	ff2ebf09-e6c5-44a6-9adc-bcf131d2f326	6556a236-54b3-45f7-8ea5-b5566ee23450	T	A	5	50	True	True	False	False	True
D_lowDNA_low6mA	chr16:30005486-30005986	chr16	30005528	T	ff2ebf09-e6c5-44a6-9adc-bcf131d2f326	6556a236-54b3-45f7-8ea5-b5566ee23450	C	A	6	43	True	True	False	True	True
D_lowDNA_low6mA	chr16:30005486-30005986	chr16	30005529	A	ff2ebf09-e6c5-44a6-9adc-bcf131d2f326	6556a236-54b3-45f7-8ea5-b5566ee23450	T	T	6	45	True	False	False	True	True
D_lowDNA_low6mA	chr16:30005486-30005986	chr16	30005530	T	ff2ebf09-e6c5-44a6-9adc-bcf131d2f326	6556a236-54b3-45f7-8ea5-b5566ee23450	A	A	7	40	True	False	False	True	True
D_lowDNA_low6mA	chr16:30005486-30005986	chr16	30005531	T	ff2ebf09-e6c5-44a6-9adc-bcf131d2f326	6556a236-54b3-45f7-8ea5-b5566ee23450	A	A	4	50	True	False	False	True	True
D_lowDNA_low6mA	chr16:30005486-30005986	chr16	30005532	G	ff2ebf09-e6c5-44a6-9adc-bcf131d2f326	6556a236-54b3-45f7-8ea5-b5566ee23450	G	C	4	43	True	True	False	False	True
D_lowDNA_low6mA	chr16:30005486-30005986	chr16	30005533	A	ff2ebf09-e6c5-44a6-9adc-bcf131d2f326	6556a236-54b3-45f7-8ea5-b5566ee23450	T	T	4	41	True	False	False	True	True
D_lowDNA_low6mA	chr16:30005486-30005986	chr16	30005534	T	ff2ebf09-e6c5-44a6-9adc-bcf131d2f326	6556a236-54b3-45f7-8ea5-b5566ee23450	C	A	4	50	True	True	False	True	True
D_lowDNA_low6mA	chr16:30005486-30005986	chr16	30005535	G	ff2ebf09-e6c5-44a6-9adc-bcf131d2f326	6556a236-54b3-45f7-8ea5-b5566ee23450	C	C	7	42	True	False	False	True	True
D_lowDNA_low6mA	chr16:30005486-30005986	chr16	30005536	C	ff2ebf09-e6c5-44a6-9adc-bcf131d2f326	6556a236-54b3-45f7-8ea5-b5566ee23450	G	G	8	35	True	False	False	True	True
D_lowDNA_low6mA	chr16:30005486-30005986	chr16	30005537	C	ff2ebf09-e6c5-44a6-9adc-bcf131d2f326	6556a236-54b3-45f7-8ea5-b5566ee23450	G	G	5	35	True	False	False	True	True
D_lowDNA_low6mA	chr16:30005486-30005986	chr16	30005538	C	ff2ebf09-e6c5-44a6-9adc-bcf131d2f326	6556a236-54b3-45f7-8ea5-b5566ee23450	G	G	5	34	True	False	False	True	True
D_lowDNA_low6mA	chr16:30005486-30005986	chr16	30005539	A	ff2ebf09-e6c5-44a6-9adc-bcf131d2f326	6556a236-54b3-45f7-8ea5-b5566ee23450	T	T	4	38	True	False	False	True	True
D_lowDNA_low6mA	chr16:30005486-30005986	chr16	30005540	G	ff2ebf09-e6c5-44a6-9adc-bcf131d2f326	6556a236-54b3-45f7-8ea5-b5566ee23450	C	C	3	41	True	False	False	True	True
D_lowDNA_low6mA	chr16:30005486-30005986	chr16	30005541	C	ff2ebf09-e6c5-44a6-9adc-bcf131d2f326	6556a236-54b3-45f7-8ea5-b5566ee23450	G	G	3	39	True	False	False	True	True
D_lowDNA_low6mA	chr16:30005486-30005986	chr16	30005542	T	ff2ebf09-e6c5-44a6-9adc-bcf131d2f326	6556a236-54b3-45f7-8ea5-b5566ee23450	G	A	3	45	True	True	False	True	True
D_lowDNA_low6mA	chr16:30005486-30005986	chr16	30005543	G	ff2ebf09-e6c5-44a6-9adc-bcf131d2f326	6556a236-54b3-45f7-8ea5-b5566ee23450	C	C	5	40	True	False	False	True	True
D_lowDNA_low6mA	chr16:30005486-30005986	chr16	30005544	C	ff2ebf09-e6c5-44a6-9adc-bcf131d2f326	6556a236-54b3-45f7-8ea5-b5566ee23450	G	G	4	36	True	False	False	True	True
D_lowDNA_low6mA	chr16:30005486-30005986	chr16	30005545	C	ff2ebf09-e6c5-44a6-9adc-bcf131d2f326	6556a236-54b3-45f7-8ea5-b5566ee23450	G	G	3	36	True	False	False	True	True
D_lowDNA_low6mA	chr16:30005486-30005986	chr16	30005546	A	ff2ebf09-e6c5-44a6-9adc-bcf131d2f326	6556a236-54b3-45f7-8ea5-b5566ee23450	T	T	3	38	True	False	False	True	True
D_lowDNA_low6mA	chr16:30005486-30005986	chr16	30005547	T	ff2ebf09-e6c5-44a6-9adc-bcf131d2f326	6556a236-54b3-45f7-8ea5-b5566ee23450	A	A	4	41	True	False	False	True	True
D_lowDNA_low6mA	chr16:30005486-30005986	chr16	30005548	G	ff2ebf09-e6c5-44a6-9adc-bcf131d2f326	6556a236-54b3-45f7-8ea5-b5566ee23450	C	C	6	50	True	False	False	True	True
D_lowDNA_low6mA	chr16:30005486-30005986	chr16	30005549	C	ff2ebf09-e6c5-44a6-9adc-bcf131d2f326	6556a236-54b3-45f7-8ea5-b5566ee23450	G	G	5	43	True	False	False	True	True
D_lowDNA_low6mA	chr16:30005486-30005986	chr16	30005550	T	ff2ebf09-e6c5-44a6-9adc-bcf131d2f326	6556a236-54b3-45f7-8ea5-b5566ee23450	A	A	3	45	True	False	False	True	True
D_lowDNA_low6mA	chr16:30005486-30005986	chr16	30005551	C	ff2ebf09-e6c5-44a6-9adc-bcf131d2f326	6556a236-54b3-45f7-8ea5-b5566ee23450	G	G	3	47	True	False	False	True	True
D_lowDNA_low6mA	chr16:30005486-30005986	chr16	30005552	C	ff2ebf09-e6c5-44a6-9adc-bcf131d2f326	6556a236-54b3-45f7-8ea5-b5566ee23450	G	G	3	43	True	False	False	True	True
D_lowDNA_low6mA	chr16:30005486-30005986	chr16	30005553	G	ff2ebf09-e6c5-44a6-9adc-bcf131d2f326	6556a236-54b3-45f7-8ea5-b5566ee23450	A	C	3	44	True	True	False	True	True
D_lowDNA_low6mA	chr16:30005486-30005986	chr16	30005554	G	ff2ebf09-e6c5-44a6-9adc-bcf131d2f326	6556a236-54b3-45f7-8ea5-b5566ee23450	C	C	3	42	True	False	False	True	True
D_lowDNA_low6mA	chr16:30005486-30005986	chr16	30005555	C	ff2ebf09-e6c5-44a6-9adc-bcf131d2f326	6556a236-54b3-45f7-8ea5-b5566ee23450	G	G	3	45	True	False	False	True	True
D_lowDNA_low6mA	chr16:30005486-30005986	chr16	30005556	C	ff2ebf09-e6c5-44a6-9adc-bcf131d2f326	6556a236-54b3-45f7-8ea5-b5566ee23450	A	G	4	46	True	True	False	True	True
D_lowDNA_low6mA	chr16:30005486-30005986	chr16	30005557	A	ff2ebf09-e6c5-44a6-9adc-bcf131d2f326	6556a236-54b3-45f7-8ea5-b5566ee23450	T	T	2	46	True	False	False	True	True
D_lowDNA_low6mA	chr16:30005486-30005986	chr16	30005558	C	ff2ebf09-e6c5-44a6-9adc-bcf131d2f326	6556a236-54b3-45f7-8ea5-b5566ee23450	G	G	2	43	True	False	False	True	True
D_lowDNA_low6mA	chr16:30005486-30005986	chr16	30005559	T	ff2ebf09-e6c5-44a6-9adc-bcf131d2f326	6556a236-54b3-45f7-8ea5-b5566ee23450	A	A	3	44	True	False	False	True	True
D_lowDNA_low6mA	chr16:30005486-30005986	chr16	30005560	G	ff2ebf09-e6c5-44a6-9adc-bcf131d2f326	6556a236-54b3-45f7-8ea5-b5566ee23450	-	C	-1	43	False	False	False	False	False
D_lowDNA_low6mA	chr16:30005486-30005986	chr16	30005561	A	ff2ebf09-e6c5-44a6-9adc-bcf131d2f326	6556a236-54b3-45f7-8ea5-b5566ee23450	T	T	14	44	True	False	False	True	True
D_lowDNA_low6mA	chr16:30005486-30005986	chr16	30005562	C	ff2ebf09-e6c5-44a6-9adc-bcf131d2f326	6556a236-54b3-45f7-8ea5-b5566ee23450	G	G	26	50	True	False	False	True	True
D_lowDNA_low6mA	chr16:30005486-30005986	chr16	30005563	A	ff2ebf09-e6c5-44a6-9adc-bcf131d2f326	6556a236-54b3-45f7-8ea5-b5566ee23450	T	T	28	50	True	False	False	True	True
D_lowDNA_low6mA	chr16:30005486-30005986	chr16	30005564	C	ff2ebf09-e6c5-44a6-9adc-bcf131d2f326	6556a236-54b3-45f7-8ea5-b5566ee23450	G	G	31	50	True	False	False	True	True
D_lowDNA_low6mA	chr16:30005486-30005986	chr16	30005565	A	ff2ebf09-e6c5-44a6-9adc-bcf131d2f326	6556a236-54b3-45f7-8ea5-b5566ee23450	T	T	32	50	True	False	False	True	True
D_lowDNA_low6mA	chr16:30005486-30005986	chr16	30005566	A	ff2ebf09-e6c5-44a6-9adc-bcf131d2f326	6556a236-54b3-45f7-8ea5-b5566ee23450	T	T	27	50	True	False	False	True	True
D_lowDNA_low6mA	chr16:30005486-30005986	chr16	30005567	C	ff2ebf09-e6c5-44a6-9adc-bcf131d2f326	6556a236-54b3-45f7-8ea5-b5566ee23450	G	G	26	40	True	False	False	True	True
D_lowDNA_low6mA	chr16:30005486-30005986	chr16	30005568	C	ff2ebf09-e6c5-44a6-9adc-bcf131d2f326	6556a236-54b3-45f7-8ea5-b5566ee23450	G	G	27	44	True	False	False	True	True
D_lowDNA_low6mA	chr16:30005486-30005986	chr16	30005569	A	ff2ebf09-e6c5-44a6-9adc-bcf131d2f326	6556a236-54b3-45f7-8ea5-b5566ee23450	T	T	28	50	True	False	False	True	True
D_lowDNA_low6mA	chr16:30005486-30005986	chr16	30005570	G	ff2ebf09-e6c5-44a6-9adc-bcf131d2f326	6556a236-54b3-45f7-8ea5-b5566ee23450	C	C	31	43	True	False	False	True	True
D_lowDNA_low6mA	chr16:30005486-30005986	chr16	30005571	A	ff2ebf09-e6c5-44a6-9adc-bcf131d2f326	6556a236-54b3-45f7-8ea5-b5566ee23450	T	T	31	50	True	False	False	True	True
D_lowDNA_low6mA	chr16:30005486-30005986	chr16	30005572	A	ff2ebf09-e6c5-44a6-9adc-bcf131d2f326	6556a236-54b3-45f7-8ea5-b5566ee23450	T	T	33	44	True	False	False	True	True
D_lowDNA_low6mA	chr16:30005486-30005986	chr16	30005573	A	ff2ebf09-e6c5-44a6-9adc-bcf131d2f326	6556a236-54b3-45f7-8ea5-b5566ee23450	T	T	34	47	True	False	False	True	True
D_lowDNA_low6mA	chr16:30005486-30005986	chr16	30005574	A	ff2ebf09-e6c5-44a6-9adc-bcf131d2f326	6556a236-54b3-45f7-8ea5-b5566ee23450	T	T	32	42	True	False	False	True	True
D_lowDNA_low6mA	chr16:30005486-30005986	chr16	30005575	G	ff2ebf09-e6c5-44a6-9adc-bcf131d2f326	6556a236-54b3-45f7-8ea5-b5566ee23450	C	C	33	43	True	False	False	True	True
D_lowDNA_low6mA	chr16:30005486-30005986	chr16	30005576	G	ff2ebf09-e6c5-44a6-9adc-bcf131d2f326	6556a236-54b3-45f7-8ea5-b5566ee23450	C	C	21	50	True	False	False	True	True
D_lowDNA_low6mA	chr16:30005486-30005986	chr16	30005577	C	ff2ebf09-e6c5-44a6-9adc-bcf131d2f326	6556a236-54b3-45f7-8ea5-b5566ee23450	G	G	20	44	True	False	False	True	True
D_lowDNA_low6mA	chr16:30005486-30005986	chr16	30005578	G	ff2ebf09-e6c5-44a6-9adc-bcf131d2f326	6556a236-54b3-45f7-8ea5-b5566ee23450	C	C	24	44	True	False	False	True	True
D_lowDNA_low6mA	chr16:30005486-30005986	chr16	30005579	T	ff2ebf09-e6c5-44a6-9adc-bcf131d2f326	6556a236-54b3-45f7-8ea5-b5566ee23450	A	A	24	33	True	False	False	True	True
D_lowDNA_low6mA	chr16:30005486-30005986	chr16	30005580	A	ff2ebf09-e6c5-44a6-9adc-bcf131d2f326	6556a236-54b3-45f7-8ea5-b5566ee23450	T	T	24	33	True	False	False	True	True
D_lowDNA_low6mA	chr16:30005486-30005986	chr16	30005581	A	ff2ebf09-e6c5-44a6-9adc-bcf131d2f326	6556a236-54b3-45f7-8ea5-b5566ee23450	T	T	25	39	True	False	False	True	True
D_lowDNA_low6mA	chr16:30005486-30005986	chr16	30005582	A	ff2ebf09-e6c5-44a6-9adc-bcf131d2f326	6556a236-54b3-45f7-8ea5-b5566ee23450	T	T	25	45	True	False	False	True	True
D_lowDNA_low6mA	chr16:30005486-30005986	chr16	30005583	C	ff2ebf09-e6c5-44a6-9adc-bcf131d2f326	6556a236-54b3-45f7-8ea5-b5566ee23450	G	G	29	39	True	False	False	True	True
D_lowDNA_low6mA	chr16:30005486-30005986	chr16	30005584	A	ff2ebf09-e6c5-44a6-9adc-bcf131d2f326	6556a236-54b3-45f7-8ea5-b5566ee23450	T	T	23	38	True	False	False	True	True
D_lowDNA_low6mA	chr16:30005486-30005986	chr16	30005585	T	ff2ebf09-e6c5-44a6-9adc-bcf131d2f326	6556a236-54b3-45f7-8ea5-b5566ee23450	A	A	22	36	True	False	False	True	True
D_lowDNA_low6mA	chr16:30005486-30005986	chr16	30005586	G	ff2ebf09-e6c5-44a6-9adc-bcf131d2f326	6556a236-54b3-45f7-8ea5-b5566ee23450	C	C	21	36	True	False	False	True	True
D_lowDNA_low6mA	chr16:30005486-30005986	chr16	30005587	C	ff2ebf09-e6c5-44a6-9adc-bcf131d2f326	6556a236-54b3-45f7-8ea5-b5566ee23450	G	G	21	39	True	False	False	True	True
D_lowDNA_low6mA	chr16:30005486-30005986	chr16	30005588	A	ff2ebf09-e6c5-44a6-9adc-bcf131d2f326	6556a236-54b3-45f7-8ea5-b5566ee23450	T	T	24	50	True	False	False	True	True
D_lowDNA_low6mA	chr16:30005486-30005986	chr16	30005589	C	ff2ebf09-e6c5-44a6-9adc-bcf131d2f326	6556a236-54b3-45f7-8ea5-b5566ee23450	G	G	29	44	True	False	False	True	True
D_lowDNA_low6mA	chr16:30005486-30005986	chr16	30005590	G	ff2ebf09-e6c5-44a6-9adc-bcf131d2f326	6556a236-54b3-45f7-8ea5-b5566ee23450	C	C	30	37	True	False	False	True	True
D_lowDNA_low6mA	chr16:30005486-30005986	chr16	30005591	G	ff2ebf09-e6c5-44a6-9adc-bcf131d2f326	6556a236-54b3-45f7-8ea5-b5566ee23450	C	C	29	38	True	False	False	True	True
D_lowDNA_low6mA	chr16:30005486-30005986	chr16	30005592	G	ff2ebf09-e6c5-44a6-9adc-bcf131d2f326	6556a236-54b3-45f7-8ea5-b5566ee23450	C	C	31	35	True	False	False	True	True
D_lowDNA_low6mA	chr16:30005486-30005986	chr16	30005593	T	ff2ebf09-e6c5-44a6-9adc-bcf131d2f326	6556a236-54b3-45f7-8ea5-b5566ee23450	A	A	32	37	True	False	False	True	True
D_lowDNA_low6mA	chr16:30005486-30005986	chr16	30005594	G	ff2ebf09-e6c5-44a6-9adc-bcf131d2f326	6556a236-54b3-45f7-8ea5-b5566ee23450	C	C	33	50	True	False	False	True	True
D_lowDNA_low6mA	chr16:30005486-30005986	chr16	30005595	T	ff2ebf09-e6c5-44a6-9adc-bcf131d2f326	6556a236-54b3-45f7-8ea5-b5566ee23450	A	A	36	46	True	False	False	True	True
D_lowDNA_low6mA	chr16:30005486-30005986	chr16	30005596	C	ff2ebf09-e6c5-44a6-9adc-bcf131d2f326	6556a236-54b3-45f7-8ea5-b5566ee23450	G	G	36	46	True	False	False	True	True
D_lowDNA_low6mA	chr16:30005486-30005986	chr16	30005597	C	ff2ebf09-e6c5-44a6-9adc-bcf131d2f326	6556a236-54b3-45f7-8ea5-b5566ee23450	G	G	36	50	True	False	False	True	True
D_lowDNA_low6mA	chr16:30005486-30005986	chr16	30005598	C	ff2ebf09-e6c5-44a6-9adc-bcf131d2f326	6556a236-54b3-45f7-8ea5-b5566ee23450	G	G	25	20	True	False	False	True	True
D_lowDNA_low6mA	chr16:30005486-30005986	chr16	30005599	C	ff2ebf09-e6c5-44a6-9adc-bcf131d2f326	6556a236-54b3-45f7-8ea5-b5566ee23450	G	G	20	19	True	False	False	True	True
D_lowDNA_low6mA	chr16:30005486-30005986	chr16	30005600	C	ff2ebf09-e6c5-44a6-9adc-bcf131d2f326	6556a236-54b3-45f7-8ea5-b5566ee23450	G	G	20	19	True	False	False	True	True
D_lowDNA_low6mA	chr16:30005486-30005986	chr16	30005601	A	ff2ebf09-e6c5-44a6-9adc-bcf131d2f326	6556a236-54b3-45f7-8ea5-b5566ee23450	T	T	24	20	True	False	False	True	True
D_lowDNA_low6mA	chr16:30005486-30005986	chr16	30005602	G	ff2ebf09-e6c5-44a6-9adc-bcf131d2f326	6556a236-54b3-45f7-8ea5-b5566ee23450	C	C	24	13	True	False	False	True	True
D_lowDNA_low6mA	chr16:30005486-30005986	chr16	30005603	G	ff2ebf09-e6c5-44a6-9adc-bcf131d2f326	6556a236-54b3-45f7-8ea5-b5566ee23450	C	C	25	13	True	False	False	True	True
D_lowDNA_low6mA	chr16:30005486-30005986	chr16	30005604	A	ff2ebf09-e6c5-44a6-9adc-bcf131d2f326	6556a236-54b3-45f7-8ea5-b5566ee23450	T	T	26	19	True	False	False	True	True
D_lowDNA_low6mA	chr16:30005486-30005986	chr16	30005605	G	ff2ebf09-e6c5-44a6-9adc-bcf131d2f326	6556a236-54b3-45f7-8ea5-b5566ee23450	C	C	26	17	True	False	False	True	True
D_lowDNA_low6mA	chr16:30005486-30005986	chr16	30005606	G	ff2ebf09-e6c5-44a6-9adc-bcf131d2f326	6556a236-54b3-45f7-8ea5-b5566ee23450	C	C	36	15	True	False	False	True	True
D_lowDNA_low6mA	chr16:30005486-30005986	chr16	30005607	G	ff2ebf09-e6c5-44a6-9adc-bcf131d2f326	6556a236-54b3-45f7-8ea5-b5566ee23450	C	C	36	15	True	False	False	True	True
D_lowDNA_low6mA	chr16:30005486-30005986	chr16	30005608	T	ff2ebf09-e6c5-44a6-9adc-bcf131d2f326	6556a236-54b3-45f7-8ea5-b5566ee23450	A	A	30	15	True	False	False	True	True
D_lowDNA_low6mA	chr16:30005486-30005986	chr16	30005609	G	ff2ebf09-e6c5-44a6-9adc-bcf131d2f326	6556a236-54b3-45f7-8ea5-b5566ee23450	C	C	38	19	True	False	False	True	True
D_lowDNA_low6mA	chr16:30005486-30005986	chr16	30005610	G	ff2ebf09-e6c5-44a6-9adc-bcf131d2f326	6556a236-54b3-45f7-8ea5-b5566ee23450	C	C	11	32	True	False	False	True	True
D_lowDNA_low6mA	chr16:30005486-30005986	chr16	30005611	C	ff2ebf09-e6c5-44a6-9adc-bcf131d2f326	6556a236-54b3-45f7-8ea5-b5566ee23450	G	G	11	33	True	False	False	True	True
D_lowDNA_low6mA	chr16:30005486-30005986	chr16	30005612	A	ff2ebf09-e6c5-44a6-9adc-bcf131d2f326	6556a236-54b3-45f7-8ea5-b5566ee23450	T	T	23	43	True	False	False	True	True
D_lowDNA_low6mA	chr16:30005486-30005986	chr16	30005613	G	ff2ebf09-e6c5-44a6-9adc-bcf131d2f326	6556a236-54b3-45f7-8ea5-b5566ee23450	C	C	14	43	True	False	False	True	True
D_lowDNA_low6mA	chr16:30005486-30005986	chr16	30005614	G	ff2ebf09-e6c5-44a6-9adc-bcf131d2f326	6556a236-54b3-45f7-8ea5-b5566ee23450	C	C	32	42	True	False	False	True	True
D_lowDNA_low6mA	chr16:30005486-30005986	chr16	30005615	G	ff2ebf09-e6c5-44a6-9adc-bcf131d2f326	6556a236-54b3-45f7-8ea5-b5566ee23450	C	C	35	43	True	False	False	True	True
D_lowDNA_low6mA	chr16:30005486-30005986	chr16	30005616	G	ff2ebf09-e6c5-44a6-9adc-bcf131d2f326	6556a236-54b3-45f7-8ea5-b5566ee23450	C	C	33	41	True	False	False	True	True
D_lowDNA_low6mA	chr16:30005486-30005986	chr16	30005617	C	ff2ebf09-e6c5-44a6-9adc-bcf131d2f326	6556a236-54b3-45f7-8ea5-b5566ee23450	G	G	37	49	True	False	False	True	True
D_lowDNA_low6mA	chr16:30005486-30005986	chr16	30005618	C	ff2ebf09-e6c5-44a6-9adc-bcf131d2f326	6556a236-54b3-45f7-8ea5-b5566ee23450	G	G	36	43	True	False	False	True	True
D_lowDNA_low6mA	chr16:30005486-30005986	chr16	30005619	C	ff2ebf09-e6c5-44a6-9adc-bcf131d2f326	6556a236-54b3-45f7-8ea5-b5566ee23450	G	G	37	44	True	False	False	True	True
D_lowDNA_low6mA	chr16:30005486-30005986	chr16	30005620	T	ff2ebf09-e6c5-44a6-9adc-bcf131d2f326	6556a236-54b3-45f7-8ea5-b5566ee23450	A	A	28	45	True	False	False	True	True
D_lowDNA_low6mA	chr16:30005486-30005986	chr16	30005621	G	ff2ebf09-e6c5-44a6-9adc-bcf131d2f326	6556a236-54b3-45f7-8ea5-b5566ee23450	C	C	28	45	True	False	False	True	True
D_lowDNA_low6mA	chr16:30005486-30005986	chr16	30005622	C	ff2ebf09-e6c5-44a6-9adc-bcf131d2f326	6556a236-54b3-45f7-8ea5-b5566ee23450	G	G	27	50	True	False	False	True	True
D_lowDNA_low6mA	chr16:30005486-30005986	chr16	30005623	C	ff2ebf09-e6c5-44a6-9adc-bcf131d2f326	6556a236-54b3-45f7-8ea5-b5566ee23450	G	G	29	47	True	False	False	True	True
D_lowDNA_low6mA	chr16:30005486-30005986	chr16	30005624	T	ff2ebf09-e6c5-44a6-9adc-bcf131d2f326	6556a236-54b3-45f7-8ea5-b5566ee23450	A	A	7	40	True	False	False	True	True
D_lowDNA_low6mA	chr16:30005486-30005986	chr16	30005625	T	ff2ebf09-e6c5-44a6-9adc-bcf131d2f326	6556a236-54b3-45f7-8ea5-b5566ee23450	A	A	10	36	True	False	False	True	True
D_lowDNA_low6mA	chr16:30005486-30005986	chr16	30005626	C	ff2ebf09-e6c5-44a6-9adc-bcf131d2f326	6556a236-54b3-45f7-8ea5-b5566ee23450	G	G	24	36	True	False	False	True	True
D_lowDNA_low6mA	chr16:30005486-30005986	chr16	30005627	A	ff2ebf09-e6c5-44a6-9adc-bcf131d2f326	6556a236-54b3-45f7-8ea5-b5566ee23450	T	T	28	39	True	False	False	True	True
D_lowDNA_low6mA	chr16:30005486-30005986	chr16	30005628	A	ff2ebf09-e6c5-44a6-9adc-bcf131d2f326	6556a236-54b3-45f7-8ea5-b5566ee23450	T	T	34	40	True	False	False	True	True
D_lowDNA_low6mA	chr16:30005486-30005986	chr16	30005629	A	ff2ebf09-e6c5-44a6-9adc-bcf131d2f326	6556a236-54b3-45f7-8ea5-b5566ee23450	T	T	35	44	True	False	False	True	True
D_lowDNA_low6mA	chr16:30005486-30005986	chr16	30005630	C	ff2ebf09-e6c5-44a6-9adc-bcf131d2f326	6556a236-54b3-45f7-8ea5-b5566ee23450	G	G	36	41	True	False	False	True	True
D_lowDNA_low6mA	chr16:30005486-30005986	chr16	30005631	C	ff2ebf09-e6c5-44a6-9adc-bcf131d2f326	6556a236-54b3-45f7-8ea5-b5566ee23450	G	G	23	21	True	False	False	True	True
D_lowDNA_low6mA	chr16:30005486-30005986	chr16	30005632	C	ff2ebf09-e6c5-44a6-9adc-bcf131d2f326	6556a236-54b3-45f7-8ea5-b5566ee23450	G	G	22	20	True	False	False	True	True
D_lowDNA_low6mA	chr16:30005486-30005986	chr16	30005633	C	ff2ebf09-e6c5-44a6-9adc-bcf131d2f326	6556a236-54b3-45f7-8ea5-b5566ee23450	G	G	19	20	True	False	False	True	True
D_lowDNA_low6mA	chr16:30005486-30005986	chr16	30005634	G	ff2ebf09-e6c5-44a6-9adc-bcf131d2f326	6556a236-54b3-45f7-8ea5-b5566ee23450	C	C	21	26	True	False	False	True	True
D_lowDNA_low6mA	chr16:30005486-30005986	chr16	30005635	G	ff2ebf09-e6c5-44a6-9adc-bcf131d2f326	6556a236-54b3-45f7-8ea5-b5566ee23450	C	C	21	32	True	False	False	True	True
D_lowDNA_low6mA	chr16:30005486-30005986	chr16	30005636	C	ff2ebf09-e6c5-44a6-9adc-bcf131d2f326	6556a236-54b3-45f7-8ea5-b5566ee23450	G	G	24	35	True	False	False	True	True
D_lowDNA_low6mA	chr16:30005486-30005986	chr16	30005637	C	ff2ebf09-e6c5-44a6-9adc-bcf131d2f326	6556a236-54b3-45f7-8ea5-b5566ee23450	G	G	24	37	True	False	False	True	True
D_lowDNA_low6mA	chr16:30005486-30005986	chr16	30005638	C	ff2ebf09-e6c5-44a6-9adc-bcf131d2f326	6556a236-54b3-45f7-8ea5-b5566ee23450	G	G	20	33	True	False	False	True	True
D_lowDNA_low6mA	chr16:30005486-30005986	chr16	30005639	C	ff2ebf09-e6c5-44a6-9adc-bcf131d2f326	6556a236-54b3-45f7-8ea5-b5566ee23450	G	G	12	32	True	False	False	True	True
D_lowDNA_low6mA	chr16:30005486-30005986	chr16	30005640	C	ff2ebf09-e6c5-44a6-9adc-bcf131d2f326	6556a236-54b3-45f7-8ea5-b5566ee23450	G	G	7	33	True	False	False	True	True
D_lowDNA_low6mA	chr16:30005486-30005986	chr16	30005641	T	ff2ebf09-e6c5-44a6-9adc-bcf131d2f326	6556a236-54b3-45f7-8ea5-b5566ee23450	A	A	7	34	True	False	False	True	True
D_lowDNA_low6mA	chr16:30005486-30005986	chr16	30005642	C	ff2ebf09-e6c5-44a6-9adc-bcf131d2f326	6556a236-54b3-45f7-8ea5-b5566ee23450	G	G	9	30	True	False	False	True	True
D_lowDNA_low6mA	chr16:30005486-30005986	chr16	30005643	C	ff2ebf09-e6c5-44a6-9adc-bcf131d2f326	6556a236-54b3-45f7-8ea5-b5566ee23450	G	G	19	33	True	False	False	True	True
D_lowDNA_low6mA	chr16:30005486-30005986	chr16	30005644	A	ff2ebf09-e6c5-44a6-9adc-bcf131d2f326	6556a236-54b3-45f7-8ea5-b5566ee23450	T	T	13	31	True	False	False	True	True
D_lowDNA_low6mA	chr16:30005486-30005986	chr16	30005645	G	ff2ebf09-e6c5-44a6-9adc-bcf131d2f326	6556a236-54b3-45f7-8ea5-b5566ee23450	C	C	9	30	True	False	False	True	True
D_lowDNA_low6mA	chr16:30005486-30005986	chr16	30005646	G	ff2ebf09-e6c5-44a6-9adc-bcf131d2f326	6556a236-54b3-45f7-8ea5-b5566ee23450	C	C	8	17	True	False	False	True	True
D_lowDNA_low6mA	chr16:30005486-30005986	chr16	30005647	G	ff2ebf09-e6c5-44a6-9adc-bcf131d2f326	6556a236-54b3-45f7-8ea5-b5566ee23450	C	C	8	13	True	False	False	True	True
D_lowDNA_low6mA	chr16:30005486-30005986	chr16	30005648	G	ff2ebf09-e6c5-44a6-9adc-bcf131d2f326	6556a236-54b3-45f7-8ea5-b5566ee23450	-	C	-1	13	False	False	False	False	False
D_lowDNA_low6mA	chr16:30005486-30005986	chr16	30005649	A	ff2ebf09-e6c5-44a6-9adc-bcf131d2f326	6556a236-54b3-45f7-8ea5-b5566ee23450	-	T	-1	18	False	False	False	False	False
D_lowDNA_low6mA	chr16:30005486-30005986	chr16	30005650	C	ff2ebf09-e6c5-44a6-9adc-bcf131d2f326	6556a236-54b3-45f7-8ea5-b5566ee23450	G	G	9	22	True	False	False	True	True
D_lowDNA_low6mA	chr16:30005486-30005986	chr16	30005651	A	ff2ebf09-e6c5-44a6-9adc-bcf131d2f326	6556a236-54b3-45f7-8ea5-b5566ee23450	T	T	8	23	True	False	False	True	True
D_lowDNA_low6mA	chr16:30005486-30005986	chr16	30005652	G	ff2ebf09-e6c5-44a6-9adc-bcf131d2f326	6556a236-54b3-45f7-8ea5-b5566ee23450	C	C	9	22	True	False	False	True	True
D_lowDNA_low6mA	chr16:30005486-30005986	chr16	30005653	T	ff2ebf09-e6c5-44a6-9adc-bcf131d2f326	6556a236-54b3-45f7-8ea5-b5566ee23450	G	A	10	22	True	True	False	True	True
D_lowDNA_low6mA	chr16:30005486-30005986	chr16	30005654	T	ff2ebf09-e6c5-44a6-9adc-bcf131d2f326	6556a236-54b3-45f7-8ea5-b5566ee23450	G	A	9	22	True	True	False	True	True
D_lowDNA_low6mA	chr16:30005486-30005986	chr16	30005655	A	ff2ebf09-e6c5-44a6-9adc-bcf131d2f326	6556a236-54b3-45f7-8ea5-b5566ee23450	T	T	10	25	True	False	False	True	True
D_lowDNA_low6mA	chr16:30005486-30005986	chr16	30005656	T	ff2ebf09-e6c5-44a6-9adc-bcf131d2f326	6556a236-54b3-45f7-8ea5-b5566ee23450	A	A	7	24	True	False	False	True	True
D_lowDNA_low6mA	chr16:30005486-30005986	chr16	30005657	T	ff2ebf09-e6c5-44a6-9adc-bcf131d2f326	6556a236-54b3-45f7-8ea5-b5566ee23450	A	A	7	25	True	False	False	True	True
D_lowDNA_low6mA	chr16:30005486-30005986	chr16	30005658	T	ff2ebf09-e6c5-44a6-9adc-bcf131d2f326	6556a236-54b3-45f7-8ea5-b5566ee23450	A	A	8	25	True	False	False	True	True
D_lowDNA_low6mA	chr16:30005486-30005986	chr16	30005659	A	ff2ebf09-e6c5-44a6-9adc-bcf131d2f326	6556a236-54b3-45f7-8ea5-b5566ee23450	T	T	15	30	True	False	False	True	True
D_lowDNA_low6mA	chr16:30005486-30005986	chr16	30005660	A	ff2ebf09-e6c5-44a6-9adc-bcf131d2f326	6556a236-54b3-45f7-8ea5-b5566ee23450	T	T	15	33	True	False	False	True	True
D_lowDNA_low6mA	chr16:30005486-30005986	chr16	30005661	A	ff2ebf09-e6c5-44a6-9adc-bcf131d2f326	6556a236-54b3-45f7-8ea5-b5566ee23450	T	T	15	33	True	False	False	True	True
D_lowDNA_low6mA	chr16:30005486-30005986	chr16	30005662	C	ff2ebf09-e6c5-44a6-9adc-bcf131d2f326	6556a236-54b3-45f7-8ea5-b5566ee23450	G	G	16	32	True	False	False	True	True
D_lowDNA_low6mA	chr16:30005486-30005986	chr16	30005663	G	ff2ebf09-e6c5-44a6-9adc-bcf131d2f326	6556a236-54b3-45f7-8ea5-b5566ee23450	C	C	22	34	True	False	False	True	True
D_lowDNA_low6mA	chr16:30005486-30005986	chr16	30005664	A	ff2ebf09-e6c5-44a6-9adc-bcf131d2f326	6556a236-54b3-45f7-8ea5-b5566ee23450	T	T	32	35	True	False	False	True	True
D_lowDNA_low6mA	chr16:30005486-30005986	chr16	30005665	G	ff2ebf09-e6c5-44a6-9adc-bcf131d2f326	6556a236-54b3-45f7-8ea5-b5566ee23450	C	C	32	36	True	False	False	True	True
D_lowDNA_low6mA	chr16:30005486-30005986	chr16	30005666	T	ff2ebf09-e6c5-44a6-9adc-bcf131d2f326	6556a236-54b3-45f7-8ea5-b5566ee23450	A	A	34	35	True	False	False	True	True
D_lowDNA_low6mA	chr16:30005486-30005986	chr16	30005667	G	ff2ebf09-e6c5-44a6-9adc-bcf131d2f326	6556a236-54b3-45f7-8ea5-b5566ee23450	C	C	27	34	True	False	False	True	True
D_lowDNA_low6mA	chr16:30005486-30005986	chr16	30005668	G	ff2ebf09-e6c5-44a6-9adc-bcf131d2f326	6556a236-54b3-45f7-8ea5-b5566ee23450	C	C	19	30	True	False	False	True	True
D_lowDNA_low6mA	chr16:30005486-30005986	chr16	30005669	C	ff2ebf09-e6c5-44a6-9adc-bcf131d2f326	6556a236-54b3-45f7-8ea5-b5566ee23450	G	G	19	30	True	False	False	True	True
D_lowDNA_low6mA	chr16:30005486-30005986	chr16	30005670	C	ff2ebf09-e6c5-44a6-9adc-bcf131d2f326	6556a236-54b3-45f7-8ea5-b5566ee23450	G	G	13	7	True	False	False	True	True
D_lowDNA_low6mA	chr16:30005486-30005986	chr16	30005671	G	ff2ebf09-e6c5-44a6-9adc-bcf131d2f326	6556a236-54b3-45f7-8ea5-b5566ee23450	C	-	13	-1	False	False	False	False	False
D_lowDNA_low6mA	chr16:30005486-30005986	chr16	30005672	G	ff2ebf09-e6c5-44a6-9adc-bcf131d2f326	6556a236-54b3-45f7-8ea5-b5566ee23450	C	C	11	21	True	False	False	True	True
D_lowDNA_low6mA	chr16:30005486-30005986	chr16	30005673	G	ff2ebf09-e6c5-44a6-9adc-bcf131d2f326	6556a236-54b3-45f7-8ea5-b5566ee23450	C	C	11	12	True	False	False	True	True
D_lowDNA_low6mA	chr16:30005486-30005986	chr16	30005674	A	ff2ebf09-e6c5-44a6-9adc-bcf131d2f326	6556a236-54b3-45f7-8ea5-b5566ee23450	T	T	22	36	True	False	False	True	True
D_lowDNA_low6mA	chr16:30005486-30005986	chr16	30005675	G	ff2ebf09-e6c5-44a6-9adc-bcf131d2f326	6556a236-54b3-45f7-8ea5-b5566ee23450	C	C	22	33	True	False	False	True	True
D_lowDNA_low6mA	chr16:30005486-30005986	chr16	30005676	C	ff2ebf09-e6c5-44a6-9adc-bcf131d2f326	6556a236-54b3-45f7-8ea5-b5566ee23450	G	G	25	42	True	False	False	True	True
D_lowDNA_low6mA	chr16:30005486-30005986	chr16	30005677	A	ff2ebf09-e6c5-44a6-9adc-bcf131d2f326	6556a236-54b3-45f7-8ea5-b5566ee23450	T	T	28	50	True	False	False	True	True
D_lowDNA_low6mA	chr16:30005486-30005986	chr16	30005678	T	ff2ebf09-e6c5-44a6-9adc-bcf131d2f326	6556a236-54b3-45f7-8ea5-b5566ee23450	A	A	28	41	True	False	False	True	True
D_lowDNA_low6mA	chr16:30005486-30005986	chr16	30005679	C	ff2ebf09-e6c5-44a6-9adc-bcf131d2f326	6556a236-54b3-45f7-8ea5-b5566ee23450	G	G	28	43	True	False	False	True	True
D_lowDNA_low6mA	chr16:30005486-30005986	chr16	30005680	T	ff2ebf09-e6c5-44a6-9adc-bcf131d2f326	6556a236-54b3-45f7-8ea5-b5566ee23450	A	A	27	47	True	False	False	True	True
D_lowDNA_low6mA	chr16:30005486-30005986	chr16	30005681	G	ff2ebf09-e6c5-44a6-9adc-bcf131d2f326	6556a236-54b3-45f7-8ea5-b5566ee23450	C	C	15	38	True	False	False	True	True
D_lowDNA_low6mA	chr16:30005486-30005986	chr16	30005682	C	ff2ebf09-e6c5-44a6-9adc-bcf131d2f326	6556a236-54b3-45f7-8ea5-b5566ee23450	G	G	16	44	True	False	False	True	True
D_lowDNA_low6mA	chr16:30005486-30005986	chr16	30005683	C	ff2ebf09-e6c5-44a6-9adc-bcf131d2f326	6556a236-54b3-45f7-8ea5-b5566ee23450	G	G	18	43	True	False	False	True	True
D_lowDNA_low6mA	chr16:30005486-30005986	chr16	30005684	A	ff2ebf09-e6c5-44a6-9adc-bcf131d2f326	6556a236-54b3-45f7-8ea5-b5566ee23450	T	T	25	37	True	False	False	True	True
D_lowDNA_low6mA	chr16:30005486-30005986	chr16	30005685	C	ff2ebf09-e6c5-44a6-9adc-bcf131d2f326	6556a236-54b3-45f7-8ea5-b5566ee23450	G	G	32	41	True	False	False	True	True
D_lowDNA_low6mA	chr16:30005486-30005986	chr16	30005686	C	ff2ebf09-e6c5-44a6-9adc-bcf131d2f326	6556a236-54b3-45f7-8ea5-b5566ee23450	G	G	28	50	True	False	False	True	True
D_lowDNA_low6mA	chr16:30005486-30005986	chr16	30005687	T	ff2ebf09-e6c5-44a6-9adc-bcf131d2f326	6556a236-54b3-45f7-8ea5-b5566ee23450	A	A	27	46	True	False	False	True	True
D_lowDNA_low6mA	chr16:30005486-30005986	chr16	30005688	G	ff2ebf09-e6c5-44a6-9adc-bcf131d2f326	6556a236-54b3-45f7-8ea5-b5566ee23450	C	C	26	34	True	False	False	True	True
D_lowDNA_low6mA	chr16:30005486-30005986	chr16	30005689	C	ff2ebf09-e6c5-44a6-9adc-bcf131d2f326	6556a236-54b3-45f7-8ea5-b5566ee23450	G	G	27	34	True	False	False	True	True
D_lowDNA_low6mA	chr16:30005486-30005986	chr16	30005690	T	ff2ebf09-e6c5-44a6-9adc-bcf131d2f326	6556a236-54b3-45f7-8ea5-b5566ee23450	A	A	26	30	True	False	False	True	True
D_lowDNA_low6mA	chr16:30005486-30005986	chr16	30005691	G	ff2ebf09-e6c5-44a6-9adc-bcf131d2f326	6556a236-54b3-45f7-8ea5-b5566ee23450	C	C	28	30	True	False	False	True	True
D_lowDNA_low6mA	chr16:30005486-30005986	chr16	30005692	G	ff2ebf09-e6c5-44a6-9adc-bcf131d2f326	6556a236-54b3-45f7-8ea5-b5566ee23450	C	C	22	31	True	False	False	True	True
D_lowDNA_low6mA	chr16:30005486-30005986	chr16	30005693	G	ff2ebf09-e6c5-44a6-9adc-bcf131d2f326	6556a236-54b3-45f7-8ea5-b5566ee23450	C	C	12	27	True	False	False	True	True
D_lowDNA_low6mA	chr16:30005486-30005986	chr16	30005694	G	ff2ebf09-e6c5-44a6-9adc-bcf131d2f326	6556a236-54b3-45f7-8ea5-b5566ee23450	C	C	15	23	True	False	False	True	True
D_lowDNA_low6mA	chr16:30005486-30005986	chr16	30005695	A	ff2ebf09-e6c5-44a6-9adc-bcf131d2f326	6556a236-54b3-45f7-8ea5-b5566ee23450	T	T	24	17	True	False	False	True	True
D_lowDNA_low6mA	chr16:30005486-30005986	chr16	30005696	G	ff2ebf09-e6c5-44a6-9adc-bcf131d2f326	6556a236-54b3-45f7-8ea5-b5566ee23450	C	C	25	21	True	False	False	True	True
D_lowDNA_low6mA	chr16:30005486-30005986	chr16	30005697	G	ff2ebf09-e6c5-44a6-9adc-bcf131d2f326	6556a236-54b3-45f7-8ea5-b5566ee23450	C	C	30	22	True	False	False	True	True
D_lowDNA_low6mA	chr16:30005486-30005986	chr16	30005698	C	ff2ebf09-e6c5-44a6-9adc-bcf131d2f326	6556a236-54b3-45f7-8ea5-b5566ee23450	G	G	44	25	True	False	False	True	True
D_lowDNA_low6mA	chr16:30005486-30005986	chr16	30005699	A	ff2ebf09-e6c5-44a6-9adc-bcf131d2f326	6556a236-54b3-45f7-8ea5-b5566ee23450	T	T	39	34	True	False	False	True	True
D_lowDNA_low6mA	chr16:30005486-30005986	chr16	30005700	G	ff2ebf09-e6c5-44a6-9adc-bcf131d2f326	6556a236-54b3-45f7-8ea5-b5566ee23450	C	C	39	37	True	False	False	True	True
D_lowDNA_low6mA	chr16:30005486-30005986	chr16	30005701	A	ff2ebf09-e6c5-44a6-9adc-bcf131d2f326	6556a236-54b3-45f7-8ea5-b5566ee23450	T	T	38	40	True	False	False	True	True
D_lowDNA_low6mA	chr16:30005486-30005986	chr16	30005702	G	ff2ebf09-e6c5-44a6-9adc-bcf131d2f326	6556a236-54b3-45f7-8ea5-b5566ee23450	C	C	39	38	True	False	False	True	True
D_lowDNA_low6mA	chr16:30005486-30005986	chr16	30005703	A	ff2ebf09-e6c5-44a6-9adc-bcf131d2f326	6556a236-54b3-45f7-8ea5-b5566ee23450	T	T	42	32	True	False	False	True	True
D_lowDNA_low6mA	chr16:30005486-30005986	chr16	30005704	C	ff2ebf09-e6c5-44a6-9adc-bcf131d2f326	6556a236-54b3-45f7-8ea5-b5566ee23450	G	G	38	32	True	False	False	True	True
D_lowDNA_low6mA	chr16:30005486-30005986	chr16	30005705	C	ff2ebf09-e6c5-44a6-9adc-bcf131d2f326	6556a236-54b3-45f7-8ea5-b5566ee23450	G	G	31	35	True	False	False	True	True
D_lowDNA_low6mA	chr16:30005486-30005986	chr16	30005706	C	ff2ebf09-e6c5-44a6-9adc-bcf131d2f326	6556a236-54b3-45f7-8ea5-b5566ee23450	G	G	26	36	True	False	False	True	True
D_lowDNA_low6mA	chr16:30005486-30005986	chr16	30005707	T	ff2ebf09-e6c5-44a6-9adc-bcf131d2f326	6556a236-54b3-45f7-8ea5-b5566ee23450	A	A	27	36	True	False	False	True	True
D_lowDNA_low6mA	chr16:30005486-30005986	chr16	30005708	G	ff2ebf09-e6c5-44a6-9adc-bcf131d2f326	6556a236-54b3-45f7-8ea5-b5566ee23450	C	C	26	30	True	False	False	True	True
D_lowDNA_low6mA	chr16:30005486-30005986	chr16	30005709	C	ff2ebf09-e6c5-44a6-9adc-bcf131d2f326	6556a236-54b3-45f7-8ea5-b5566ee23450	G	G	26	29	True	False	False	True	True
D_lowDNA_low6mA	chr16:30005486-30005986	chr16	30005710	A	ff2ebf09-e6c5-44a6-9adc-bcf131d2f326	6556a236-54b3-45f7-8ea5-b5566ee23450	T	T	29	32	True	False	False	True	True
D_lowDNA_low6mA	chr16:30005486-30005986	chr16	30005711	A	ff2ebf09-e6c5-44a6-9adc-bcf131d2f326	6556a236-54b3-45f7-8ea5-b5566ee23450	T	T	36	33	True	False	False	True	True
D_lowDNA_low6mA	chr16:30005486-30005986	chr16	30005712	T	ff2ebf09-e6c5-44a6-9adc-bcf131d2f326	6556a236-54b3-45f7-8ea5-b5566ee23450	A	A	37	38	True	False	False	True	True
D_lowDNA_low6mA	chr16:30005486-30005986	chr16	30005713	G	ff2ebf09-e6c5-44a6-9adc-bcf131d2f326	6556a236-54b3-45f7-8ea5-b5566ee23450	C	C	40	40	True	False	False	True	True
D_lowDNA_low6mA	chr16:30005486-30005986	chr16	30005714	G	ff2ebf09-e6c5-44a6-9adc-bcf131d2f326	6556a236-54b3-45f7-8ea5-b5566ee23450	C	C	38	37	True	False	False	True	True
D_lowDNA_low6mA	chr16:30005486-30005986	chr16	30005715	C	ff2ebf09-e6c5-44a6-9adc-bcf131d2f326	6556a236-54b3-45f7-8ea5-b5566ee23450	G	G	37	38	True	False	False	True	True
D_lowDNA_low6mA	chr16:30005486-30005986	chr16	30005716	C	ff2ebf09-e6c5-44a6-9adc-bcf131d2f326	6556a236-54b3-45f7-8ea5-b5566ee23450	G	G	40	40	True	False	False	True	True
D_lowDNA_low6mA	chr16:30005486-30005986	chr16	30005717	A	ff2ebf09-e6c5-44a6-9adc-bcf131d2f326	6556a236-54b3-45f7-8ea5-b5566ee23450	T	T	39	39	True	False	False	True	True
D_lowDNA_low6mA	chr16:30005486-30005986	chr16	30005718	C	ff2ebf09-e6c5-44a6-9adc-bcf131d2f326	6556a236-54b3-45f7-8ea5-b5566ee23450	G	G	41	43	True	False	False	True	True
D_lowDNA_low6mA	chr16:30005486-30005986	chr16	30005719	C	ff2ebf09-e6c5-44a6-9adc-bcf131d2f326	6556a236-54b3-45f7-8ea5-b5566ee23450	G	G	44	50	True	False	False	True	True
D_lowDNA_low6mA	chr16:30005486-30005986	chr16	30005720	T	ff2ebf09-e6c5-44a6-9adc-bcf131d2f326	6556a236-54b3-45f7-8ea5-b5566ee23450	A	A	40	50	True	False	False	True	True
D_lowDNA_low6mA	chr16:30005486-30005986	chr16	30005721	C	ff2ebf09-e6c5-44a6-9adc-bcf131d2f326	6556a236-54b3-45f7-8ea5-b5566ee23450	G	G	36	32	True	False	False	True	True
D_lowDNA_low6mA	chr16:30005486-30005986	chr16	30005722	T	ff2ebf09-e6c5-44a6-9adc-bcf131d2f326	6556a236-54b3-45f7-8ea5-b5566ee23450	A	A	22	32	True	False	False	True	True
D_lowDNA_low6mA	chr16:30005486-30005986	chr16	30005723	T	ff2ebf09-e6c5-44a6-9adc-bcf131d2f326	6556a236-54b3-45f7-8ea5-b5566ee23450	A	A	21	29	True	False	False	True	True
D_lowDNA_low6mA	chr16:30005486-30005986	chr16	30005724	T	ff2ebf09-e6c5-44a6-9adc-bcf131d2f326	6556a236-54b3-45f7-8ea5-b5566ee23450	A	A	21	28	True	False	False	True	True
D_lowDNA_low6mA	chr16:30005486-30005986	chr16	30005725	A	ff2ebf09-e6c5-44a6-9adc-bcf131d2f326	6556a236-54b3-45f7-8ea5-b5566ee23450	T	T	29	38	True	False	False	True	True
D_lowDNA_low6mA	chr16:30005486-30005986	chr16	30005726	A	ff2ebf09-e6c5-44a6-9adc-bcf131d2f326	6556a236-54b3-45f7-8ea5-b5566ee23450	T	T	18	40	True	False	False	True	True
D_lowDNA_low6mA	chr16:30005486-30005986	chr16	30005727	A	ff2ebf09-e6c5-44a6-9adc-bcf131d2f326	6556a236-54b3-45f7-8ea5-b5566ee23450	T	T	19	37	True	False	False	True	True
D_lowDNA_low6mA	chr16:30005486-30005986	chr16	30005728	A	ff2ebf09-e6c5-44a6-9adc-bcf131d2f326	6556a236-54b3-45f7-8ea5-b5566ee23450	T	T	20	37	True	False	False	True	True
D_lowDNA_low6mA	chr16:30005486-30005986	chr16	30005729	G	ff2ebf09-e6c5-44a6-9adc-bcf131d2f326	6556a236-54b3-45f7-8ea5-b5566ee23450	T	C	9	33	True	True	False	True	True
D_lowDNA_low6mA	chr16:30005486-30005986	chr16	30005730	G	ff2ebf09-e6c5-44a6-9adc-bcf131d2f326	6556a236-54b3-45f7-8ea5-b5566ee23450	C	C	22	35	True	False	False	True	True
D_lowDNA_low6mA	chr16:30005486-30005986	chr16	30005731	G	ff2ebf09-e6c5-44a6-9adc-bcf131d2f326	6556a236-54b3-45f7-8ea5-b5566ee23450	C	C	17	35	True	False	False	True	True
D_lowDNA_low6mA	chr16:30005486-30005986	chr16	30005732	C	ff2ebf09-e6c5-44a6-9adc-bcf131d2f326	6556a236-54b3-45f7-8ea5-b5566ee23450	G	G	26	35	True	False	False	True	True
D_lowDNA_low6mA	chr16:30005486-30005986	chr16	30005733	A	ff2ebf09-e6c5-44a6-9adc-bcf131d2f326	6556a236-54b3-45f7-8ea5-b5566ee23450	T	T	28	37	True	False	False	True	True
D_lowDNA_low6mA	chr16:30005486-30005986	chr16	30005734	G	ff2ebf09-e6c5-44a6-9adc-bcf131d2f326	6556a236-54b3-45f7-8ea5-b5566ee23450	C	C	29	36	True	False	False	True	True
D_lowDNA_low6mA	chr16:30005486-30005986	chr16	30005735	C	ff2ebf09-e6c5-44a6-9adc-bcf131d2f326	6556a236-54b3-45f7-8ea5-b5566ee23450	G	G	27	37	True	False	False	True	True
D_lowDNA_low6mA	chr16:30005486-30005986	chr16	30005736	T	ff2ebf09-e6c5-44a6-9adc-bcf131d2f326	6556a236-54b3-45f7-8ea5-b5566ee23450	A	A	25	37	True	False	False	True	True
D_lowDNA_low6mA	chr16:30005486-30005986	chr16	30005737	G	ff2ebf09-e6c5-44a6-9adc-bcf131d2f326	6556a236-54b3-45f7-8ea5-b5566ee23450	C	C	24	38	True	False	False	True	True
D_lowDNA_low6mA	chr16:30005486-30005986	chr16	30005738	T	ff2ebf09-e6c5-44a6-9adc-bcf131d2f326	6556a236-54b3-45f7-8ea5-b5566ee23450	A	A	24	37	True	False	False	True	True
D_lowDNA_low6mA	chr16:30005486-30005986	chr16	30005739	A	ff2ebf09-e6c5-44a6-9adc-bcf131d2f326	6556a236-54b3-45f7-8ea5-b5566ee23450	T	T	15	36	True	False	False	True	True
D_lowDNA_low6mA	chr16:30005486-30005986	chr16	30005740	C	ff2ebf09-e6c5-44a6-9adc-bcf131d2f326	6556a236-54b3-45f7-8ea5-b5566ee23450	G	G	12	34	True	False	False	True	True
D_lowDNA_low6mA	chr16:30005486-30005986	chr16	30005741	A	ff2ebf09-e6c5-44a6-9adc-bcf131d2f326	6556a236-54b3-45f7-8ea5-b5566ee23450	T	T	15	32	True	False	False	True	True
D_lowDNA_low6mA	chr16:30005486-30005986	chr16	30005742	G	ff2ebf09-e6c5-44a6-9adc-bcf131d2f326	6556a236-54b3-45f7-8ea5-b5566ee23450	C	C	22	31	True	False	False	True	True
D_lowDNA_low6mA	chr16:30005486-30005986	chr16	30005743	G	ff2ebf09-e6c5-44a6-9adc-bcf131d2f326	6556a236-54b3-45f7-8ea5-b5566ee23450	C	C	20	30	True	False	False	True	True
D_lowDNA_low6mA	chr16:30005486-30005986	chr16	30005744	G	ff2ebf09-e6c5-44a6-9adc-bcf131d2f326	6556a236-54b3-45f7-8ea5-b5566ee23450	C	C	19	32	True	False	False	True	True
D_lowDNA_low6mA	chr16:30005486-30005986	chr16	30005745	C	ff2ebf09-e6c5-44a6-9adc-bcf131d2f326	6556a236-54b3-45f7-8ea5-b5566ee23450	G	G	19	34	True	False	False	True	True
D_lowDNA_low6mA	chr16:30005486-30005986	chr16	30005746	T	ff2ebf09-e6c5-44a6-9adc-bcf131d2f326	6556a236-54b3-45f7-8ea5-b5566ee23450	A	A	20	34	True	False	False	True	True
D_lowDNA_low6mA	chr16:30005486-30005986	chr16	30005747	A	ff2ebf09-e6c5-44a6-9adc-bcf131d2f326	6556a236-54b3-45f7-8ea5-b5566ee23450	T	T	22	36	True	False	False	True	True
D_lowDNA_low6mA	chr16:30005486-30005986	chr16	30005748	G	ff2ebf09-e6c5-44a6-9adc-bcf131d2f326	6556a236-54b3-45f7-8ea5-b5566ee23450	C	C	16	50	True	False	False	True	True
D_lowDNA_low6mA	chr16:30005486-30005986	chr16	30005749	G	ff2ebf09-e6c5-44a6-9adc-bcf131d2f326	6556a236-54b3-45f7-8ea5-b5566ee23450	C	C	16	41	True	False	False	True	True
D_lowDNA_low6mA	chr16:30005486-30005986	chr16	30005750	T	ff2ebf09-e6c5-44a6-9adc-bcf131d2f326	6556a236-54b3-45f7-8ea5-b5566ee23450	A	A	19	41	True	False	False	True	True
D_lowDNA_low6mA	chr16:30005486-30005986	chr16	30005751	T	ff2ebf09-e6c5-44a6-9adc-bcf131d2f326	6556a236-54b3-45f7-8ea5-b5566ee23450	A	A	32	41	True	False	False	True	True
D_lowDNA_low6mA	chr16:30005486-30005986	chr16	30005752	T	ff2ebf09-e6c5-44a6-9adc-bcf131d2f326	6556a236-54b3-45f7-8ea5-b5566ee23450	A	A	31	40	True	False	False	True	True
D_lowDNA_low6mA	chr16:30005486-30005986	chr16	30005753	T	ff2ebf09-e6c5-44a6-9adc-bcf131d2f326	6556a236-54b3-45f7-8ea5-b5566ee23450	A	A	29	31	True	False	False	True	True
D_lowDNA_low6mA	chr16:30005486-30005986	chr16	30005754	T	ff2ebf09-e6c5-44a6-9adc-bcf131d2f326	6556a236-54b3-45f7-8ea5-b5566ee23450	A	A	7	30	True	False	False	True	True
D_lowDNA_low6mA	chr16:30005486-30005986	chr16	30005755	T	ff2ebf09-e6c5-44a6-9adc-bcf131d2f326	6556a236-54b3-45f7-8ea5-b5566ee23450	A	A	6	29	True	False	False	True	True
D_lowDNA_low6mA	chr16:30005486-30005986	chr16	30005756	C	ff2ebf09-e6c5-44a6-9adc-bcf131d2f326	6556a236-54b3-45f7-8ea5-b5566ee23450	G	G	20	32	True	False	False	True	True
D_lowDNA_low6mA	chr16:30005486-30005986	chr16	30005757	A	ff2ebf09-e6c5-44a6-9adc-bcf131d2f326	6556a236-54b3-45f7-8ea5-b5566ee23450	T	T	17	39	True	False	False	True	True
D_lowDNA_low6mA	chr16:30005486-30005986	chr16	30005758	A	ff2ebf09-e6c5-44a6-9adc-bcf131d2f326	6556a236-54b3-45f7-8ea5-b5566ee23450	T	T	17	38	True	False	False	True	True
D_lowDNA_low6mA	chr16:30005486-30005986	chr16	30005759	T	ff2ebf09-e6c5-44a6-9adc-bcf131d2f326	6556a236-54b3-45f7-8ea5-b5566ee23450	A	A	17	37	True	False	False	True	True
D_lowDNA_low6mA	chr16:30005486-30005986	chr16	30005760	G	ff2ebf09-e6c5-44a6-9adc-bcf131d2f326	6556a236-54b3-45f7-8ea5-b5566ee23450	C	C	18	36	True	False	False	True	True
D_lowDNA_low6mA	chr16:30005486-30005986	chr16	30005761	A	ff2ebf09-e6c5-44a6-9adc-bcf131d2f326	6556a236-54b3-45f7-8ea5-b5566ee23450	T	T	35	37	True	False	False	True	True
D_lowDNA_low6mA	chr16:30005486-30005986	chr16	30005762	A	ff2ebf09-e6c5-44a6-9adc-bcf131d2f326	6556a236-54b3-45f7-8ea5-b5566ee23450	T	T	50	37	True	False	False	True	True
D_lowDNA_low6mA	chr16:30005486-30005986	chr16	30005763	G	ff2ebf09-e6c5-44a6-9adc-bcf131d2f326	6556a236-54b3-45f7-8ea5-b5566ee23450	C	C	44	41	True	False	False	True	True
D_lowDNA_low6mA	chr16:30005486-30005986	chr16	30005764	T	ff2ebf09-e6c5-44a6-9adc-bcf131d2f326	6556a236-54b3-45f7-8ea5-b5566ee23450	A	A	45	41	True	False	False	True	True
D_lowDNA_low6mA	chr16:30005486-30005986	chr16	30005765	T	ff2ebf09-e6c5-44a6-9adc-bcf131d2f326	6556a236-54b3-45f7-8ea5-b5566ee23450	A	A	44	39	True	False	False	True	True
D_lowDNA_low6mA	chr16:30005486-30005986	chr16	30005766	T	ff2ebf09-e6c5-44a6-9adc-bcf131d2f326	6556a236-54b3-45f7-8ea5-b5566ee23450	A	A	44	39	True	False	False	True	True
D_lowDNA_low6mA	chr16:30005486-30005986	chr16	30005767	C	ff2ebf09-e6c5-44a6-9adc-bcf131d2f326	6556a236-54b3-45f7-8ea5-b5566ee23450	G	G	43	37	True	False	False	True	True
D_lowDNA_low6mA	chr16:30005486-30005986	chr16	30005768	T	ff2ebf09-e6c5-44a6-9adc-bcf131d2f326	6556a236-54b3-45f7-8ea5-b5566ee23450	A	A	41	42	True	False	False	True	True
D_lowDNA_low6mA	chr16:30005486-30005986	chr16	30005769	G	ff2ebf09-e6c5-44a6-9adc-bcf131d2f326	6556a236-54b3-45f7-8ea5-b5566ee23450	C	C	40	50	True	False	False	True	True
D_lowDNA_low6mA	chr16:30005486-30005986	chr16	30005770	T	ff2ebf09-e6c5-44a6-9adc-bcf131d2f326	6556a236-54b3-45f7-8ea5-b5566ee23450	A	A	45	33	True	False	False	True	True
D_lowDNA_low6mA	chr16:30005486-30005986	chr16	30005771	A	ff2ebf09-e6c5-44a6-9adc-bcf131d2f326	6556a236-54b3-45f7-8ea5-b5566ee23450	T	T	37	31	True	False	False	True	True
D_lowDNA_low6mA	chr16:30005486-30005986	chr16	30005772	T	ff2ebf09-e6c5-44a6-9adc-bcf131d2f326	6556a236-54b3-45f7-8ea5-b5566ee23450	A	A	42	32	True	False	False	True	True
D_lowDNA_low6mA	chr16:30005486-30005986	chr16	30005773	T	ff2ebf09-e6c5-44a6-9adc-bcf131d2f326	6556a236-54b3-45f7-8ea5-b5566ee23450	A	A	38	32	True	False	False	True	True
D_lowDNA_low6mA	chr16:30005486-30005986	chr16	30005774	A	ff2ebf09-e6c5-44a6-9adc-bcf131d2f326	6556a236-54b3-45f7-8ea5-b5566ee23450	T	T	37	37	True	False	False	True	True
D_lowDNA_low6mA	chr16:30005486-30005986	chr16	30005775	A	ff2ebf09-e6c5-44a6-9adc-bcf131d2f326	6556a236-54b3-45f7-8ea5-b5566ee23450	T	T	38	41	True	False	False	True	True
D_lowDNA_low6mA	chr16:30005486-30005986	chr16	30005776	A	ff2ebf09-e6c5-44a6-9adc-bcf131d2f326	6556a236-54b3-45f7-8ea5-b5566ee23450	T	T	37	39	True	False	False	True	True
D_lowDNA_low6mA	chr16:30005486-30005986	chr16	30005777	G	ff2ebf09-e6c5-44a6-9adc-bcf131d2f326	6556a236-54b3-45f7-8ea5-b5566ee23450	C	C	33	37	True	False	False	True	True
D_lowDNA_low6mA	chr16:30005486-30005986	chr16	30005778	G	ff2ebf09-e6c5-44a6-9adc-bcf131d2f326	6556a236-54b3-45f7-8ea5-b5566ee23450	C	C	34	38	True	False	False	True	True
D_lowDNA_low6mA	chr16:30005486-30005986	chr16	30005779	A	ff2ebf09-e6c5-44a6-9adc-bcf131d2f326	6556a236-54b3-45f7-8ea5-b5566ee23450	T	T	34	37	True	False	False	True	True
D_lowDNA_low6mA	chr16:30005486-30005986	chr16	30005780	G	ff2ebf09-e6c5-44a6-9adc-bcf131d2f326	6556a236-54b3-45f7-8ea5-b5566ee23450	C	C	32	35	True	False	False	True	True
D_lowDNA_low6mA	chr16:30005486-30005986	chr16	30005781	T	ff2ebf09-e6c5-44a6-9adc-bcf131d2f326	6556a236-54b3-45f7-8ea5-b5566ee23450	A	A	34	35	True	False	False	True	True
D_lowDNA_low6mA	chr16:30005486-30005986	chr16	30005782	G	ff2ebf09-e6c5-44a6-9adc-bcf131d2f326	6556a236-54b3-45f7-8ea5-b5566ee23450	C	C	32	35	True	False	False	True	True
D_lowDNA_low6mA	chr16:30005486-30005986	chr16	30005783	G	ff2ebf09-e6c5-44a6-9adc-bcf131d2f326	6556a236-54b3-45f7-8ea5-b5566ee23450	C	C	33	34	True	False	False	True	True
D_lowDNA_low6mA	chr16:30005486-30005986	chr16	30005784	C	ff2ebf09-e6c5-44a6-9adc-bcf131d2f326	6556a236-54b3-45f7-8ea5-b5566ee23450	G	G	32	37	True	False	False	True	True
D_lowDNA_low6mA	chr16:30005486-30005986	chr16	30005785	T	ff2ebf09-e6c5-44a6-9adc-bcf131d2f326	6556a236-54b3-45f7-8ea5-b5566ee23450	A	A	28	40	True	False	False	True	True
D_lowDNA_low6mA	chr16:30005486-30005986	chr16	30005786	C	ff2ebf09-e6c5-44a6-9adc-bcf131d2f326	6556a236-54b3-45f7-8ea5-b5566ee23450	G	G	28	39	True	False	False	True	True
D_lowDNA_low6mA	chr16:30005486-30005986	chr16	30005787	T	ff2ebf09-e6c5-44a6-9adc-bcf131d2f326	6556a236-54b3-45f7-8ea5-b5566ee23450	A	A	28	45	True	False	False	True	True
D_lowDNA_low6mA	chr16:30005486-30005986	chr16	30005788	G	ff2ebf09-e6c5-44a6-9adc-bcf131d2f326	6556a236-54b3-45f7-8ea5-b5566ee23450	C	C	32	42	True	False	False	True	True
D_lowDNA_low6mA	chr16:30005486-30005986	chr16	30005789	G	ff2ebf09-e6c5-44a6-9adc-bcf131d2f326	6556a236-54b3-45f7-8ea5-b5566ee23450	C	C	36	42	True	False	False	True	True
D_lowDNA_low6mA	chr16:30005486-30005986	chr16	30005790	G	ff2ebf09-e6c5-44a6-9adc-bcf131d2f326	6556a236-54b3-45f7-8ea5-b5566ee23450	C	C	32	42	True	False	False	True	True
D_lowDNA_low6mA	chr16:30005486-30005986	chr16	30005791	T	ff2ebf09-e6c5-44a6-9adc-bcf131d2f326	6556a236-54b3-45f7-8ea5-b5566ee23450	A	A	32	46	True	False	False	True	True
D_lowDNA_low6mA	chr16:30005486-30005986	chr16	30005792	T	ff2ebf09-e6c5-44a6-9adc-bcf131d2f326	6556a236-54b3-45f7-8ea5-b5566ee23450	A	A	29	38	True	False	False	True	True
D_lowDNA_low6mA	chr16:30005486-30005986	chr16	30005793	T	ff2ebf09-e6c5-44a6-9adc-bcf131d2f326	6556a236-54b3-45f7-8ea5-b5566ee23450	A	A	26	50	True	False	False	True	True
D_lowDNA_low6mA	chr16:30005486-30005986	chr16	30005794	G	ff2ebf09-e6c5-44a6-9adc-bcf131d2f326	6556a236-54b3-45f7-8ea5-b5566ee23450	C	C	24	40	True	False	False	True	True
D_lowDNA_low6mA	chr16:30005486-30005986	chr16	30005795	T	ff2ebf09-e6c5-44a6-9adc-bcf131d2f326	6556a236-54b3-45f7-8ea5-b5566ee23450	A	A	26	39	True	False	False	True	True
D_lowDNA_low6mA	chr16:30005486-30005986	chr16	30005796	T	ff2ebf09-e6c5-44a6-9adc-bcf131d2f326	6556a236-54b3-45f7-8ea5-b5566ee23450	A	A	33	40	True	False	False	True	True
D_lowDNA_low6mA	chr16:30005486-30005986	chr16	30005797	T	ff2ebf09-e6c5-44a6-9adc-bcf131d2f326	6556a236-54b3-45f7-8ea5-b5566ee23450	A	A	31	43	True	False	False	True	True
D_lowDNA_low6mA	chr16:30005486-30005986	chr16	30005798	T	ff2ebf09-e6c5-44a6-9adc-bcf131d2f326	6556a236-54b3-45f7-8ea5-b5566ee23450	A	A	28	23	True	False	False	True	True
D_lowDNA_low6mA	chr16:30005486-30005986	chr16	30005799	T	ff2ebf09-e6c5-44a6-9adc-bcf131d2f326	6556a236-54b3-45f7-8ea5-b5566ee23450	A	A	26	22	True	False	False	True	True
D_lowDNA_low6mA	chr16:30005486-30005986	chr16	30005800	T	ff2ebf09-e6c5-44a6-9adc-bcf131d2f326	6556a236-54b3-45f7-8ea5-b5566ee23450	A	A	22	22	True	False	False	True	True
D_lowDNA_low6mA	chr16:30005486-30005986	chr16	30005801	G	ff2ebf09-e6c5-44a6-9adc-bcf131d2f326	6556a236-54b3-45f7-8ea5-b5566ee23450	C	C	20	27	True	False	False	True	True
D_lowDNA_low6mA	chr16:30005486-30005986	chr16	30005802	T	ff2ebf09-e6c5-44a6-9adc-bcf131d2f326	6556a236-54b3-45f7-8ea5-b5566ee23450	A	A	18	27	True	False	False	True	True
D_lowDNA_low6mA	chr16:30005486-30005986	chr16	30005803	C	ff2ebf09-e6c5-44a6-9adc-bcf131d2f326	6556a236-54b3-45f7-8ea5-b5566ee23450	G	G	19	29	True	False	False	True	True
D_lowDNA_low6mA	chr16:30005486-30005986	chr16	30005804	C	ff2ebf09-e6c5-44a6-9adc-bcf131d2f326	6556a236-54b3-45f7-8ea5-b5566ee23450	G	G	30	40	True	False	False	True	True
D_lowDNA_low6mA	chr16:30005486-30005986	chr16	30005805	T	ff2ebf09-e6c5-44a6-9adc-bcf131d2f326	6556a236-54b3-45f7-8ea5-b5566ee23450	A	A	31	43	True	False	False	True	True
D_lowDNA_low6mA	chr16:30005486-30005986	chr16	30005806	T	ff2ebf09-e6c5-44a6-9adc-bcf131d2f326	6556a236-54b3-45f7-8ea5-b5566ee23450	A	A	34	50	True	False	False	True	True
D_lowDNA_low6mA	chr16:30005486-30005986	chr16	30005807	T	ff2ebf09-e6c5-44a6-9adc-bcf131d2f326	6556a236-54b3-45f7-8ea5-b5566ee23450	A	A	36	50	True	False	False	True	True
D_lowDNA_low6mA	chr16:30005486-30005986	chr16	30005808	T	ff2ebf09-e6c5-44a6-9adc-bcf131d2f326	6556a236-54b3-45f7-8ea5-b5566ee23450	A	A	35	50	True	False	False	True	True
D_lowDNA_low6mA	chr16:30005486-30005986	chr16	30005809	T	ff2ebf09-e6c5-44a6-9adc-bcf131d2f326	6556a236-54b3-45f7-8ea5-b5566ee23450	A	A	34	40	True	False	False	True	True
D_lowDNA_low6mA	chr16:30005486-30005986	chr16	30005810	T	ff2ebf09-e6c5-44a6-9adc-bcf131d2f326	6556a236-54b3-45f7-8ea5-b5566ee23450	A	A	33	28	True	False	False	True	True
D_lowDNA_low6mA	chr16:30005486-30005986	chr16	30005811	T	ff2ebf09-e6c5-44a6-9adc-bcf131d2f326	6556a236-54b3-45f7-8ea5-b5566ee23450	A	A	27	19	True	False	False	True	True
D_lowDNA_low6mA	chr16:30005486-30005986	chr16	30005812	T	ff2ebf09-e6c5-44a6-9adc-bcf131d2f326	6556a236-54b3-45f7-8ea5-b5566ee23450	A	A	22	22	True	False	False	True	True
D_lowDNA_low6mA	chr16:30005486-30005986	chr16	30005813	T	ff2ebf09-e6c5-44a6-9adc-bcf131d2f326	6556a236-54b3-45f7-8ea5-b5566ee23450	A	A	21	23	True	False	False	True	True
D_lowDNA_low6mA	chr16:30005486-30005986	chr16	30005814	G	ff2ebf09-e6c5-44a6-9adc-bcf131d2f326	6556a236-54b3-45f7-8ea5-b5566ee23450	C	C	16	28	True	False	False	True	True
D_lowDNA_low6mA	chr16:30005486-30005986	chr16	30005815	A	ff2ebf09-e6c5-44a6-9adc-bcf131d2f326	6556a236-54b3-45f7-8ea5-b5566ee23450	T	T	15	31	True	False	False	True	True
D_lowDNA_low6mA	chr16:30005486-30005986	chr16	30005816	G	ff2ebf09-e6c5-44a6-9adc-bcf131d2f326	6556a236-54b3-45f7-8ea5-b5566ee23450	C	C	15	32	True	False	False	True	True
D_lowDNA_low6mA	chr16:30005486-30005986	chr16	30005817	A	ff2ebf09-e6c5-44a6-9adc-bcf131d2f326	6556a236-54b3-45f7-8ea5-b5566ee23450	T	T	17	34	True	False	False	True	True
D_lowDNA_low6mA	chr16:30005486-30005986	chr16	30005818	C	ff2ebf09-e6c5-44a6-9adc-bcf131d2f326	6556a236-54b3-45f7-8ea5-b5566ee23450	G	G	19	33	True	False	False	True	True
D_lowDNA_low6mA	chr16:30005486-30005986	chr16	30005819	A	ff2ebf09-e6c5-44a6-9adc-bcf131d2f326	6556a236-54b3-45f7-8ea5-b5566ee23450	T	T	17	35	True	False	False	True	True
D_lowDNA_low6mA	chr16:30005486-30005986	chr16	30005820	T	ff2ebf09-e6c5-44a6-9adc-bcf131d2f326	6556a236-54b3-45f7-8ea5-b5566ee23450	A	A	20	35	True	False	False	True	True
D_lowDNA_low6mA	chr16:30005486-30005986	chr16	30005821	T	ff2ebf09-e6c5-44a6-9adc-bcf131d2f326	6556a236-54b3-45f7-8ea5-b5566ee23450	A	A	17	36	True	False	False	True	True
D_lowDNA_low6mA	chr16:30005486-30005986	chr16	30005822	C	ff2ebf09-e6c5-44a6-9adc-bcf131d2f326	6556a236-54b3-45f7-8ea5-b5566ee23450	G	G	21	31	True	False	False	True	True
D_lowDNA_low6mA	chr16:30005486-30005986	chr16	30005823	T	ff2ebf09-e6c5-44a6-9adc-bcf131d2f326	6556a236-54b3-45f7-8ea5-b5566ee23450	A	A	29	31	True	False	False	True	True
D_lowDNA_low6mA	chr16:30005486-30005986	chr16	30005824	C	ff2ebf09-e6c5-44a6-9adc-bcf131d2f326	6556a236-54b3-45f7-8ea5-b5566ee23450	G	G	31	31	True	False	False	True	True
D_lowDNA_low6mA	chr16:30005486-30005986	chr16	30005825	C	ff2ebf09-e6c5-44a6-9adc-bcf131d2f326	6556a236-54b3-45f7-8ea5-b5566ee23450	G	G	33	31	True	False	False	True	True
D_lowDNA_low6mA	chr16:30005486-30005986	chr16	30005826	T	ff2ebf09-e6c5-44a6-9adc-bcf131d2f326	6556a236-54b3-45f7-8ea5-b5566ee23450	A	A	32	36	True	False	False	True	True
D_lowDNA_low6mA	chr16:30005486-30005986	chr16	30005827	C	ff2ebf09-e6c5-44a6-9adc-bcf131d2f326	6556a236-54b3-45f7-8ea5-b5566ee23450	G	G	22	37	True	False	False	True	True
D_lowDNA_low6mA	chr16:30005486-30005986	chr16	30005828	C	ff2ebf09-e6c5-44a6-9adc-bcf131d2f326	6556a236-54b3-45f7-8ea5-b5566ee23450	G	G	21	39	True	False	False	True	True
D_lowDNA_low6mA	chr16:30005486-30005986	chr16	30005829	T	ff2ebf09-e6c5-44a6-9adc-bcf131d2f326	6556a236-54b3-45f7-8ea5-b5566ee23450	A	A	23	25	True	False	False	True	True
D_lowDNA_low6mA	chr16:30005486-30005986	chr16	30005830	C	ff2ebf09-e6c5-44a6-9adc-bcf131d2f326	6556a236-54b3-45f7-8ea5-b5566ee23450	G	G	21	25	True	False	False	True	True
D_lowDNA_low6mA	chr16:30005486-30005986	chr16	30005831	T	ff2ebf09-e6c5-44a6-9adc-bcf131d2f326	6556a236-54b3-45f7-8ea5-b5566ee23450	A	A	21	29	True	False	False	True	True
D_lowDNA_low6mA	chr16:30005486-30005986	chr16	30005832	G	ff2ebf09-e6c5-44a6-9adc-bcf131d2f326	6556a236-54b3-45f7-8ea5-b5566ee23450	C	C	20	32	True	False	False	True	True
D_lowDNA_low6mA	chr16:30005486-30005986	chr16	30005833	A	ff2ebf09-e6c5-44a6-9adc-bcf131d2f326	6556a236-54b3-45f7-8ea5-b5566ee23450	T	T	23	35	True	False	False	True	True
D_lowDNA_low6mA	chr16:30005486-30005986	chr16	30005834	A	ff2ebf09-e6c5-44a6-9adc-bcf131d2f326	6556a236-54b3-45f7-8ea5-b5566ee23450	T	T	24	34	True	False	False	True	True
D_lowDNA_low6mA	chr16:30005486-30005986	chr16	30005835	C	ff2ebf09-e6c5-44a6-9adc-bcf131d2f326	6556a236-54b3-45f7-8ea5-b5566ee23450	G	G	25	35	True	False	False	True	True
D_lowDNA_low6mA	chr16:30005486-30005986	chr16	30005836	C	ff2ebf09-e6c5-44a6-9adc-bcf131d2f326	6556a236-54b3-45f7-8ea5-b5566ee23450	G	G	29	38	True	False	False	True	True
D_lowDNA_low6mA	chr16:30005486-30005986	chr16	30005837	T	ff2ebf09-e6c5-44a6-9adc-bcf131d2f326	6556a236-54b3-45f7-8ea5-b5566ee23450	A	A	31	43	True	False	False	True	True
D_lowDNA_low6mA	chr16:30005486-30005986	chr16	30005838	C	ff2ebf09-e6c5-44a6-9adc-bcf131d2f326	6556a236-54b3-45f7-8ea5-b5566ee23450	G	G	29	34	True	False	False	True	True
D_lowDNA_low6mA	chr16:30005486-30005986	chr16	30005839	C	ff2ebf09-e6c5-44a6-9adc-bcf131d2f326	6556a236-54b3-45f7-8ea5-b5566ee23450	G	G	17	15	True	False	False	True	True
D_lowDNA_low6mA	chr16:30005486-30005986	chr16	30005840	C	ff2ebf09-e6c5-44a6-9adc-bcf131d2f326	6556a236-54b3-45f7-8ea5-b5566ee23450	G	G	6	7	True	False	False	True	True
D_lowDNA_low6mA	chr16:30005486-30005986	chr16	30005841	C	ff2ebf09-e6c5-44a6-9adc-bcf131d2f326	6556a236-54b3-45f7-8ea5-b5566ee23450	G	G	6	7	True	False	False	True	True
D_lowDNA_low6mA	chr16:30005486-30005986	chr16	30005842	T	ff2ebf09-e6c5-44a6-9adc-bcf131d2f326	6556a236-54b3-45f7-8ea5-b5566ee23450	A	C	5	7	True	True	False	True	True
D_lowDNA_low6mA	chr16:30005486-30005986	chr16	30005843	A	ff2ebf09-e6c5-44a6-9adc-bcf131d2f326	6556a236-54b3-45f7-8ea5-b5566ee23450	T	C	6	8	True	True	False	True	True
D_lowDNA_low6mA	chr16:30005486-30005986	chr16	30005844	A	ff2ebf09-e6c5-44a6-9adc-bcf131d2f326	6556a236-54b3-45f7-8ea5-b5566ee23450	T	T	9	7	True	False	False	True	True
D_lowDNA_low6mA	chr16:30005486-30005986	chr16	30005845	T	ff2ebf09-e6c5-44a6-9adc-bcf131d2f326	6556a236-54b3-45f7-8ea5-b5566ee23450	A	A	6	8	True	False	False	True	True
D_lowDNA_low6mA	chr16:30005486-30005986	chr16	30005846	C	ff2ebf09-e6c5-44a6-9adc-bcf131d2f326	6556a236-54b3-45f7-8ea5-b5566ee23450	G	G	10	9	True	False	False	True	True
D_lowDNA_low6mA	chr16:30005486-30005986	chr16	30005847	C	ff2ebf09-e6c5-44a6-9adc-bcf131d2f326	6556a236-54b3-45f7-8ea5-b5566ee23450	G	G	12	8	True	False	False	True	True
D_lowDNA_low6mA	chr16:30005486-30005986	chr16	30005848	G	ff2ebf09-e6c5-44a6-9adc-bcf131d2f326	6556a236-54b3-45f7-8ea5-b5566ee23450	-	A	-1	12	False	False	False	False	False
D_lowDNA_low6mA	chr16:30005486-30005986	chr16	30005849	A	ff2ebf09-e6c5-44a6-9adc-bcf131d2f326	6556a236-54b3-45f7-8ea5-b5566ee23450	T	T	16	35	True	False	False	True	True
D_lowDNA_low6mA	chr16:30005486-30005986	chr16	30005850	C	ff2ebf09-e6c5-44a6-9adc-bcf131d2f326	6556a236-54b3-45f7-8ea5-b5566ee23450	G	G	22	37	True	False	False	True	True
D_lowDNA_low6mA	chr16:30005486-30005986	chr16	30005851	C	ff2ebf09-e6c5-44a6-9adc-bcf131d2f326	6556a236-54b3-45f7-8ea5-b5566ee23450	G	G	25	40	True	False	False	True	True
D_lowDNA_low6mA	chr16:30005486-30005986	chr16	30005852	T	ff2ebf09-e6c5-44a6-9adc-bcf131d2f326	6556a236-54b3-45f7-8ea5-b5566ee23450	A	A	28	37	True	False	False	True	True
D_lowDNA_low6mA	chr16:30005486-30005986	chr16	30005853	C	ff2ebf09-e6c5-44a6-9adc-bcf131d2f326	6556a236-54b3-45f7-8ea5-b5566ee23450	G	G	30	47	True	False	False	True	True
D_lowDNA_low6mA	chr16:30005486-30005986	chr16	30005854	C	ff2ebf09-e6c5-44a6-9adc-bcf131d2f326	6556a236-54b3-45f7-8ea5-b5566ee23450	G	G	35	38	True	False	False	True	True
D_lowDNA_low6mA	chr16:30005486-30005986	chr16	30005855	T	ff2ebf09-e6c5-44a6-9adc-bcf131d2f326	6556a236-54b3-45f7-8ea5-b5566ee23450	A	A	37	37	True	False	False	True	True
D_lowDNA_low6mA	chr16:30005486-30005986	chr16	30005856	C	ff2ebf09-e6c5-44a6-9adc-bcf131d2f326	6556a236-54b3-45f7-8ea5-b5566ee23450	G	G	26	37	True	False	False	True	True
D_lowDNA_low6mA	chr16:30005486-30005986	chr16	30005857	C	ff2ebf09-e6c5-44a6-9adc-bcf131d2f326	6556a236-54b3-45f7-8ea5-b5566ee23450	G	G	25	37	True	False	False	True	True
D_lowDNA_low6mA	chr16:30005486-30005986	chr16	30005858	C	ff2ebf09-e6c5-44a6-9adc-bcf131d2f326	6556a236-54b3-45f7-8ea5-b5566ee23450	G	G	25	40	True	False	False	True	True
D_lowDNA_low6mA	chr16:30005486-30005986	chr16	30005859	T	ff2ebf09-e6c5-44a6-9adc-bcf131d2f326	6556a236-54b3-45f7-8ea5-b5566ee23450	A	A	25	40	True	False	False	True	True
D_lowDNA_low6mA	chr16:30005486-30005986	chr16	30005860	G	ff2ebf09-e6c5-44a6-9adc-bcf131d2f326	6556a236-54b3-45f7-8ea5-b5566ee23450	C	C	33	41	True	False	False	True	True
D_lowDNA_low6mA	chr16:30005486-30005986	chr16	30005861	T	ff2ebf09-e6c5-44a6-9adc-bcf131d2f326	6556a236-54b3-45f7-8ea5-b5566ee23450	A	A	33	39	True	False	False	True	True
D_lowDNA_low6mA	chr16:30005486-30005986	chr16	30005862	T	ff2ebf09-e6c5-44a6-9adc-bcf131d2f326	6556a236-54b3-45f7-8ea5-b5566ee23450	A	A	25	40	True	False	False	True	True
D_lowDNA_low6mA	chr16:30005486-30005986	chr16	30005863	G	ff2ebf09-e6c5-44a6-9adc-bcf131d2f326	6556a236-54b3-45f7-8ea5-b5566ee23450	-	C	-1	45	False	False	False	False	False
D_lowDNA_low6mA	chr16:30005486-30005986	chr16	30005864	G	ff2ebf09-e6c5-44a6-9adc-bcf131d2f326	6556a236-54b3-45f7-8ea5-b5566ee23450	-	C	-1	29	False	False	False	False	False
D_lowDNA_low6mA	chr16:30005486-30005986	chr16	30005865	G	ff2ebf09-e6c5-44a6-9adc-bcf131d2f326	6556a236-54b3-45f7-8ea5-b5566ee23450	C	C	21	25	True	False	False	True	True
D_lowDNA_low6mA	chr16:30005486-30005986	chr16	30005866	G	ff2ebf09-e6c5-44a6-9adc-bcf131d2f326	6556a236-54b3-45f7-8ea5-b5566ee23450	C	C	11	24	True	False	False	True	True
D_lowDNA_low6mA	chr16:30005486-30005986	chr16	30005867	G	ff2ebf09-e6c5-44a6-9adc-bcf131d2f326	6556a236-54b3-45f7-8ea5-b5566ee23450	C	C	11	25	True	False	False	True	True
D_lowDNA_low6mA	chr16:30005486-30005986	chr16	30005868	A	ff2ebf09-e6c5-44a6-9adc-bcf131d2f326	6556a236-54b3-45f7-8ea5-b5566ee23450	T	T	18	30	True	False	False	True	True
D_lowDNA_low6mA	chr16:30005486-30005986	chr16	30005869	G	ff2ebf09-e6c5-44a6-9adc-bcf131d2f326	6556a236-54b3-45f7-8ea5-b5566ee23450	C	C	16	36	True	False	False	True	True
D_lowDNA_low6mA	chr16:30005486-30005986	chr16	30005870	A	ff2ebf09-e6c5-44a6-9adc-bcf131d2f326	6556a236-54b3-45f7-8ea5-b5566ee23450	T	T	10	43	True	False	False	True	True
D_lowDNA_low6mA	chr16:30005486-30005986	chr16	30005871	G	ff2ebf09-e6c5-44a6-9adc-bcf131d2f326	6556a236-54b3-45f7-8ea5-b5566ee23450	-	C	-1	46	False	False	False	False	False
D_lowDNA_low6mA	chr16:30005486-30005986	chr16	30005872	G	ff2ebf09-e6c5-44a6-9adc-bcf131d2f326	6556a236-54b3-45f7-8ea5-b5566ee23450	C	C	9	41	True	False	False	True	True
D_lowDNA_low6mA	chr16:30005486-30005986	chr16	30005873	G	ff2ebf09-e6c5-44a6-9adc-bcf131d2f326	6556a236-54b3-45f7-8ea5-b5566ee23450	C	C	6	38	True	False	False	True	True
D_lowDNA_low6mA	chr16:30005486-30005986	chr16	30005874	A	ff2ebf09-e6c5-44a6-9adc-bcf131d2f326	6556a236-54b3-45f7-8ea5-b5566ee23450	T	T	6	36	True	False	False	True	True
D_lowDNA_low6mA	chr16:30005486-30005986	chr16	30005875	C	ff2ebf09-e6c5-44a6-9adc-bcf131d2f326	6556a236-54b3-45f7-8ea5-b5566ee23450	G	G	7	37	True	False	False	True	True
D_lowDNA_low6mA	chr16:30005486-30005986	chr16	30005876	G	ff2ebf09-e6c5-44a6-9adc-bcf131d2f326	6556a236-54b3-45f7-8ea5-b5566ee23450	-	C	-1	44	False	False	False	False	False
D_lowDNA_low6mA	chr16:30005486-30005986	chr16	30005877	G	ff2ebf09-e6c5-44a6-9adc-bcf131d2f326	6556a236-54b3-45f7-8ea5-b5566ee23450	C	C	13	46	True	False	False	True	True
D_lowDNA_low6mA	chr16:30005486-30005986	chr16	30005878	G	ff2ebf09-e6c5-44a6-9adc-bcf131d2f326	6556a236-54b3-45f7-8ea5-b5566ee23450	C	C	8	40	True	False	False	True	True
D_lowDNA_low6mA	chr16:30005486-30005986	chr16	30005879	G	ff2ebf09-e6c5-44a6-9adc-bcf131d2f326	6556a236-54b3-45f7-8ea5-b5566ee23450	C	C	8	36	True	False	False	True	True
D_lowDNA_low6mA	chr16:30005486-30005986	chr16	30005880	C	ff2ebf09-e6c5-44a6-9adc-bcf131d2f326	6556a236-54b3-45f7-8ea5-b5566ee23450	G	G	8	33	True	False	False	True	True
D_lowDNA_low6mA	chr16:30005486-30005986	chr16	30005881	A	ff2ebf09-e6c5-44a6-9adc-bcf131d2f326	6556a236-54b3-45f7-8ea5-b5566ee23450	T	T	9	42	True	False	False	True	True
D_lowDNA_low6mA	chr16:30005486-30005986	chr16	30005882	G	ff2ebf09-e6c5-44a6-9adc-bcf131d2f326	6556a236-54b3-45f7-8ea5-b5566ee23450	C	C	8	34	True	False	False	True	True
D_lowDNA_low6mA	chr16:30005486-30005986	chr16	30005883	C	ff2ebf09-e6c5-44a6-9adc-bcf131d2f326	6556a236-54b3-45f7-8ea5-b5566ee23450	G	G	8	33	True	False	False	True	True
D_lowDNA_low6mA	chr16:30005486-30005986	chr16	30005884	G	ff2ebf09-e6c5-44a6-9adc-bcf131d2f326	6556a236-54b3-45f7-8ea5-b5566ee23450	C	C	10	32	True	False	False	True	True
D_lowDNA_low6mA	chr16:30005486-30005986	chr16	30005885	T	ff2ebf09-e6c5-44a6-9adc-bcf131d2f326	6556a236-54b3-45f7-8ea5-b5566ee23450	A	A	10	22	True	False	False	True	True
D_lowDNA_low6mA	chr16:30005486-30005986	chr16	30005886	G	ff2ebf09-e6c5-44a6-9adc-bcf131d2f326	6556a236-54b3-45f7-8ea5-b5566ee23450	C	C	14	34	True	False	False	True	True
D_lowDNA_low6mA	chr16:30005486-30005986	chr16	30005887	G	ff2ebf09-e6c5-44a6-9adc-bcf131d2f326	6556a236-54b3-45f7-8ea5-b5566ee23450	C	C	15	32	True	False	False	True	True
D_lowDNA_low6mA	chr16:30005486-30005986	chr16	30005888	A	ff2ebf09-e6c5-44a6-9adc-bcf131d2f326	6556a236-54b3-45f7-8ea5-b5566ee23450	T	T	17	38	True	False	False	True	True
D_lowDNA_low6mA	chr16:30005486-30005986	chr16	30005889	G	ff2ebf09-e6c5-44a6-9adc-bcf131d2f326	6556a236-54b3-45f7-8ea5-b5566ee23450	C	C	16	36	True	False	False	True	True
D_lowDNA_low6mA	chr16:30005486-30005986	chr16	30005890	A	ff2ebf09-e6c5-44a6-9adc-bcf131d2f326	6556a236-54b3-45f7-8ea5-b5566ee23450	T	T	15	30	True	False	False	True	True
D_lowDNA_low6mA	chr16:30005486-30005986	chr16	30005891	G	ff2ebf09-e6c5-44a6-9adc-bcf131d2f326	6556a236-54b3-45f7-8ea5-b5566ee23450	-	C	-1	39	False	False	False	False	False
D_lowDNA_low6mA	chr16:30005486-30005986	chr16	30005892	G	ff2ebf09-e6c5-44a6-9adc-bcf131d2f326	6556a236-54b3-45f7-8ea5-b5566ee23450	C	C	16	50	True	False	False	True	True
D_lowDNA_low6mA	chr16:30005486-30005986	chr16	30005893	C	ff2ebf09-e6c5-44a6-9adc-bcf131d2f326	6556a236-54b3-45f7-8ea5-b5566ee23450	G	G	21	39	True	False	False	True	True
D_lowDNA_low6mA	chr16:30005486-30005986	chr16	30005894	A	ff2ebf09-e6c5-44a6-9adc-bcf131d2f326	6556a236-54b3-45f7-8ea5-b5566ee23450	T	T	24	31	True	False	False	True	True
D_lowDNA_low6mA	chr16:30005486-30005986	chr16	30005895	G	ff2ebf09-e6c5-44a6-9adc-bcf131d2f326	6556a236-54b3-45f7-8ea5-b5566ee23450	C	C	22	43	True	False	False	True	True
D_lowDNA_low6mA	chr16:30005486-30005986	chr16	30005896	G	ff2ebf09-e6c5-44a6-9adc-bcf131d2f326	6556a236-54b3-45f7-8ea5-b5566ee23450	C	C	20	35	True	False	False	True	True
D_lowDNA_low6mA	chr16:30005486-30005986	chr16	30005897	A	ff2ebf09-e6c5-44a6-9adc-bcf131d2f326	6556a236-54b3-45f7-8ea5-b5566ee23450	T	T	23	35	True	False	False	True	True
D_lowDNA_low6mA	chr16:30005486-30005986	chr16	30005898	G	ff2ebf09-e6c5-44a6-9adc-bcf131d2f326	6556a236-54b3-45f7-8ea5-b5566ee23450	C	C	21	27	True	False	False	True	True
D_lowDNA_low6mA	chr16:30005486-30005986	chr16	30005899	T	ff2ebf09-e6c5-44a6-9adc-bcf131d2f326	6556a236-54b3-45f7-8ea5-b5566ee23450	A	A	17	26	True	False	False	True	True
D_lowDNA_low6mA	chr16:30005486-30005986	chr16	30005900	G	ff2ebf09-e6c5-44a6-9adc-bcf131d2f326	6556a236-54b3-45f7-8ea5-b5566ee23450	C	C	18	26	True	False	False	True	True
D_lowDNA_low6mA	chr16:30005486-30005986	chr16	30005901	A	ff2ebf09-e6c5-44a6-9adc-bcf131d2f326	6556a236-54b3-45f7-8ea5-b5566ee23450	T	T	16	23	True	False	False	True	True
D_lowDNA_low6mA	chr16:30005486-30005986	chr16	30005902	G	ff2ebf09-e6c5-44a6-9adc-bcf131d2f326	6556a236-54b3-45f7-8ea5-b5566ee23450	C	C	15	24	True	False	False	True	True
D_lowDNA_low6mA	chr16:30005486-30005986	chr16	30005903	G	ff2ebf09-e6c5-44a6-9adc-bcf131d2f326	6556a236-54b3-45f7-8ea5-b5566ee23450	C	C	17	24	True	False	False	True	True
D_lowDNA_low6mA	chr16:30005486-30005986	chr16	30005904	A	ff2ebf09-e6c5-44a6-9adc-bcf131d2f326	6556a236-54b3-45f7-8ea5-b5566ee23450	T	T	24	30	True	False	False	True	True
D_lowDNA_low6mA	chr16:30005486-30005986	chr16	30005905	G	ff2ebf09-e6c5-44a6-9adc-bcf131d2f326	6556a236-54b3-45f7-8ea5-b5566ee23450	C	C	11	16	True	False	False	True	True
D_lowDNA_low6mA	chr16:30005486-30005986	chr16	30005906	C	ff2ebf09-e6c5-44a6-9adc-bcf131d2f326	6556a236-54b3-45f7-8ea5-b5566ee23450	G	G	9	16	True	False	False	True	True
D_lowDNA_low6mA	chr16:30005486-30005986	chr16	30005907	G	ff2ebf09-e6c5-44a6-9adc-bcf131d2f326	6556a236-54b3-45f7-8ea5-b5566ee23450	C	C	10	14	True	False	False	True	True
D_lowDNA_low6mA	chr16:30005486-30005986	chr16	30005908	C	ff2ebf09-e6c5-44a6-9adc-bcf131d2f326	6556a236-54b3-45f7-8ea5-b5566ee23450	G	G	12	14	True	False	False	True	True
D_lowDNA_low6mA	chr16:30005486-30005986	chr16	30005909	G	ff2ebf09-e6c5-44a6-9adc-bcf131d2f326	6556a236-54b3-45f7-8ea5-b5566ee23450	-	C	-1	34	False	False	False	False	False
D_lowDNA_low6mA	chr16:30005486-30005986	chr16	30005910	G	ff2ebf09-e6c5-44a6-9adc-bcf131d2f326	6556a236-54b3-45f7-8ea5-b5566ee23450	C	C	27	19	True	False	False	True	True
D_lowDNA_low6mA	chr16:30005486-30005986	chr16	30005911	G	ff2ebf09-e6c5-44a6-9adc-bcf131d2f326	6556a236-54b3-45f7-8ea5-b5566ee23450	C	C	23	20	True	False	False	True	True
D_lowDNA_low6mA	chr16:30005486-30005986	chr16	30005912	G	ff2ebf09-e6c5-44a6-9adc-bcf131d2f326	6556a236-54b3-45f7-8ea5-b5566ee23450	C	C	25	7	True	False	False	True	True
D_lowDNA_low6mA	chr16:30005486-30005986	chr16	30005913	G	ff2ebf09-e6c5-44a6-9adc-bcf131d2f326	6556a236-54b3-45f7-8ea5-b5566ee23450	C	C	19	6	True	False	False	True	True
D_lowDNA_low6mA	chr16:30005486-30005986	chr16	30005914	C	ff2ebf09-e6c5-44a6-9adc-bcf131d2f326	6556a236-54b3-45f7-8ea5-b5566ee23450	G	-	24	-1	False	False	False	False	False
D_lowDNA_low6mA	chr16:30005486-30005986	chr16	30005915	C	ff2ebf09-e6c5-44a6-9adc-bcf131d2f326	6556a236-54b3-45f7-8ea5-b5566ee23450	G	G	22	8	True	False	False	True	True
D_lowDNA_low6mA	chr16:30005486-30005986	chr16	30005916	T	ff2ebf09-e6c5-44a6-9adc-bcf131d2f326	6556a236-54b3-45f7-8ea5-b5566ee23450	A	C	23	13	True	True	False	True	True
D_lowDNA_low6mA	chr16:30005486-30005986	chr16	30005917	G	ff2ebf09-e6c5-44a6-9adc-bcf131d2f326	6556a236-54b3-45f7-8ea5-b5566ee23450	C	C	37	20	True	False	False	True	True
D_lowDNA_low6mA	chr16:30005486-30005986	chr16	30005918	G	ff2ebf09-e6c5-44a6-9adc-bcf131d2f326	6556a236-54b3-45f7-8ea5-b5566ee23450	C	C	36	23	True	False	False	True	True
D_lowDNA_low6mA	chr16:30005486-30005986	chr16	30005919	G	ff2ebf09-e6c5-44a6-9adc-bcf131d2f326	6556a236-54b3-45f7-8ea5-b5566ee23450	C	C	37	9	True	False	False	True	True
D_lowDNA_low6mA	chr16:30005486-30005986	chr16	30005920	G	ff2ebf09-e6c5-44a6-9adc-bcf131d2f326	6556a236-54b3-45f7-8ea5-b5566ee23450	C	C	37	6	True	False	False	True	True
D_lowDNA_low6mA	chr16:30005486-30005986	chr16	30005921	C	ff2ebf09-e6c5-44a6-9adc-bcf131d2f326	6556a236-54b3-45f7-8ea5-b5566ee23450	G	G	16	11	True	False	False	True	True
D_lowDNA_low6mA	chr16:30005486-30005986	chr16	30005922	C	ff2ebf09-e6c5-44a6-9adc-bcf131d2f326	6556a236-54b3-45f7-8ea5-b5566ee23450	G	G	16	28	True	False	False	True	True
D_lowDNA_low6mA	chr16:30005486-30005986	chr16	30005923	G	ff2ebf09-e6c5-44a6-9adc-bcf131d2f326	6556a236-54b3-45f7-8ea5-b5566ee23450	C	C	16	27	True	False	False	True	True
D_lowDNA_low6mA	chr16:30005486-30005986	chr16	30005924	G	ff2ebf09-e6c5-44a6-9adc-bcf131d2f326	6556a236-54b3-45f7-8ea5-b5566ee23450	C	C	17	23	True	False	False	True	True
D_lowDNA_low6mA	chr16:30005486-30005986	chr16	30005925	G	ff2ebf09-e6c5-44a6-9adc-bcf131d2f326	6556a236-54b3-45f7-8ea5-b5566ee23450	C	C	26	19	True	False	False	True	True
D_lowDNA_low6mA	chr16:30005486-30005986	chr16	30005926	C	ff2ebf09-e6c5-44a6-9adc-bcf131d2f326	6556a236-54b3-45f7-8ea5-b5566ee23450	G	G	24	14	True	False	False	True	True
D_lowDNA_low6mA	chr16:30005486-30005986	chr16	30005927	T	ff2ebf09-e6c5-44a6-9adc-bcf131d2f326	6556a236-54b3-45f7-8ea5-b5566ee23450	A	A	17	6	True	False	False	True	True
D_lowDNA_low6mA	chr16:30005486-30005986	chr16	30005928	C	ff2ebf09-e6c5-44a6-9adc-bcf131d2f326	6556a236-54b3-45f7-8ea5-b5566ee23450	G	G	6	6	True	False	False	True	True
D_lowDNA_low6mA	chr16:30005486-30005986	chr16	30005929	T	ff2ebf09-e6c5-44a6-9adc-bcf131d2f326	6556a236-54b3-45f7-8ea5-b5566ee23450	A	A	6	5	True	False	False	True	True
D_lowDNA_low6mA	chr16:30005486-30005986	chr16	30005930	G	ff2ebf09-e6c5-44a6-9adc-bcf131d2f326	6556a236-54b3-45f7-8ea5-b5566ee23450	C	C	7	5	True	False	False	True	True
D_lowDNA_low6mA	chr16:30005486-30005986	chr16	30005931	A	ff2ebf09-e6c5-44a6-9adc-bcf131d2f326	6556a236-54b3-45f7-8ea5-b5566ee23450	T	T	18	27	True	False	False	True	True
D_lowDNA_low6mA	chr16:30005486-30005986	chr16	30005932	G	ff2ebf09-e6c5-44a6-9adc-bcf131d2f326	6556a236-54b3-45f7-8ea5-b5566ee23450	C	C	7	29	True	False	False	True	True
D_lowDNA_low6mA	chr16:30005486-30005986	chr16	30005933	C	ff2ebf09-e6c5-44a6-9adc-bcf131d2f326	6556a236-54b3-45f7-8ea5-b5566ee23450	G	G	7	37	True	False	False	True	True
D_lowDNA_low6mA	chr16:30005486-30005986	chr16	30005934	A	ff2ebf09-e6c5-44a6-9adc-bcf131d2f326	6556a236-54b3-45f7-8ea5-b5566ee23450	T	T	7	40	True	False	False	True	True
D_lowDNA_low6mA	chr16:30005486-30005986	chr16	30005935	C	ff2ebf09-e6c5-44a6-9adc-bcf131d2f326	6556a236-54b3-45f7-8ea5-b5566ee23450	G	G	8	44	True	False	False	True	True
D_lowDNA_low6mA	chr16:30005486-30005986	chr16	30005936	T	ff2ebf09-e6c5-44a6-9adc-bcf131d2f326	6556a236-54b3-45f7-8ea5-b5566ee23450	A	A	9	43	True	False	False	True	True
D_lowDNA_low6mA	chr16:30005486-30005986	chr16	30005937	G	ff2ebf09-e6c5-44a6-9adc-bcf131d2f326	6556a236-54b3-45f7-8ea5-b5566ee23450	C	C	10	39	True	False	False	True	True
D_lowDNA_low6mA	chr16:30005486-30005986	chr16	30005938	C	ff2ebf09-e6c5-44a6-9adc-bcf131d2f326	6556a236-54b3-45f7-8ea5-b5566ee23450	G	G	13	41	True	False	False	True	True
D_lowDNA_low6mA	chr16:30005486-30005986	chr16	30005939	C	ff2ebf09-e6c5-44a6-9adc-bcf131d2f326	6556a236-54b3-45f7-8ea5-b5566ee23450	G	G	11	50	True	False	False	True	True
D_lowDNA_low6mA	chr16:30005486-30005986	chr16	30005940	C	ff2ebf09-e6c5-44a6-9adc-bcf131d2f326	6556a236-54b3-45f7-8ea5-b5566ee23450	G	G	13	42	True	False	False	True	True
D_lowDNA_low6mA	chr16:30005486-30005986	chr16	30005941	G	ff2ebf09-e6c5-44a6-9adc-bcf131d2f326	6556a236-54b3-45f7-8ea5-b5566ee23450	C	C	13	50	True	False	False	True	True
D_lowDNA_low6mA	chr16:30005486-30005986	chr16	30005942	G	ff2ebf09-e6c5-44a6-9adc-bcf131d2f326	6556a236-54b3-45f7-8ea5-b5566ee23450	C	C	14	45	True	False	False	True	True
D_lowDNA_low6mA	chr16:30005486-30005986	chr16	30005943	G	ff2ebf09-e6c5-44a6-9adc-bcf131d2f326	6556a236-54b3-45f7-8ea5-b5566ee23450	C	C	32	44	True	False	False	True	True
D_lowDNA_low6mA	chr16:30005486-30005986	chr16	30005944	T	ff2ebf09-e6c5-44a6-9adc-bcf131d2f326	6556a236-54b3-45f7-8ea5-b5566ee23450	A	A	35	50	True	False	False	True	True
D_lowDNA_low6mA	chr16:30005486-30005986	chr16	30005945	G	ff2ebf09-e6c5-44a6-9adc-bcf131d2f326	6556a236-54b3-45f7-8ea5-b5566ee23450	C	C	32	43	True	False	False	True	True
D_lowDNA_low6mA	chr16:30005486-30005986	chr16	30005946	T	ff2ebf09-e6c5-44a6-9adc-bcf131d2f326	6556a236-54b3-45f7-8ea5-b5566ee23450	A	A	31	50	True	False	False	True	True
D_lowDNA_low6mA	chr16:30005486-30005986	chr16	30005947	G	ff2ebf09-e6c5-44a6-9adc-bcf131d2f326	6556a236-54b3-45f7-8ea5-b5566ee23450	C	C	17	49	True	False	False	True	True
D_lowDNA_low6mA	chr16:30005486-30005986	chr16	30005948	C	ff2ebf09-e6c5-44a6-9adc-bcf131d2f326	6556a236-54b3-45f7-8ea5-b5566ee23450	G	G	17	50	True	False	False	True	True
D_lowDNA_low6mA	chr16:30005486-30005986	chr16	30005949	A	ff2ebf09-e6c5-44a6-9adc-bcf131d2f326	6556a236-54b3-45f7-8ea5-b5566ee23450	T	T	19	50	True	False	False	True	True
D_lowDNA_low6mA	chr16:30005486-30005986	chr16	30005950	G	ff2ebf09-e6c5-44a6-9adc-bcf131d2f326	6556a236-54b3-45f7-8ea5-b5566ee23450	C	C	18	44	True	False	False	True	True
D_lowDNA_low6mA	chr16:30005486-30005986	chr16	30005951	A	ff2ebf09-e6c5-44a6-9adc-bcf131d2f326	6556a236-54b3-45f7-8ea5-b5566ee23450	T	T	19	39	True	False	False	True	True
D_lowDNA_low6mA	chr16:30005486-30005986	chr16	30005952	T	ff2ebf09-e6c5-44a6-9adc-bcf131d2f326	6556a236-54b3-45f7-8ea5-b5566ee23450	A	A	18	44	True	False	False	True	True
D_lowDNA_low6mA	chr16:30005486-30005986	chr16	30005953	G	ff2ebf09-e6c5-44a6-9adc-bcf131d2f326	6556a236-54b3-45f7-8ea5-b5566ee23450	C	C	9	45	True	False	False	True	True
D_lowDNA_low6mA	chr16:30005486-30005986	chr16	30005954	A	ff2ebf09-e6c5-44a6-9adc-bcf131d2f326	6556a236-54b3-45f7-8ea5-b5566ee23450	T	T	9	43	True	False	False	True	True
D_lowDNA_low6mA	chr16:30005486-30005986	chr16	30005955	T	ff2ebf09-e6c5-44a6-9adc-bcf131d2f326	6556a236-54b3-45f7-8ea5-b5566ee23450	A	A	9	47	True	False	False	True	True
D_lowDNA_low6mA	chr16:30005486-30005986	chr16	30005956	G	ff2ebf09-e6c5-44a6-9adc-bcf131d2f326	6556a236-54b3-45f7-8ea5-b5566ee23450	C	C	20	45	True	False	False	True	True
D_lowDNA_low6mA	chr16:30005486-30005986	chr16	30005957	G	ff2ebf09-e6c5-44a6-9adc-bcf131d2f326	6556a236-54b3-45f7-8ea5-b5566ee23450	C	C	17	45	True	False	False	True	True
D_lowDNA_low6mA	chr16:30005486-30005986	chr16	30005958	G	ff2ebf09-e6c5-44a6-9adc-bcf131d2f326	6556a236-54b3-45f7-8ea5-b5566ee23450	C	C	12	42	True	False	False	True	True
D_lowDNA_low6mA	chr16:30005486-30005986	chr16	30005959	G	ff2ebf09-e6c5-44a6-9adc-bcf131d2f326	6556a236-54b3-45f7-8ea5-b5566ee23450	C	C	17	39	True	False	False	True	True
D_lowDNA_low6mA	chr16:30005486-30005986	chr16	30005960	G	ff2ebf09-e6c5-44a6-9adc-bcf131d2f326	6556a236-54b3-45f7-8ea5-b5566ee23450	C	C	17	41	True	False	False	True	True
D_lowDNA_low6mA	chr16:30005486-30005986	chr16	30005961	G	ff2ebf09-e6c5-44a6-9adc-bcf131d2f326	6556a236-54b3-45f7-8ea5-b5566ee23450	C	C	17	37	True	False	False	True	True
D_lowDNA_low6mA	chr16:30005486-30005986	chr16	30005962	T	ff2ebf09-e6c5-44a6-9adc-bcf131d2f326	6556a236-54b3-45f7-8ea5-b5566ee23450	A	A	19	36	True	False	False	True	True
D_lowDNA_low6mA	chr16:30005486-30005986	chr16	30005963	T	ff2ebf09-e6c5-44a6-9adc-bcf131d2f326	6556a236-54b3-45f7-8ea5-b5566ee23450	A	A	19	22	True	False	False	True	True
D_lowDNA_low6mA	chr16:30005486-30005986	chr16	30005964	T	ff2ebf09-e6c5-44a6-9adc-bcf131d2f326	6556a236-54b3-45f7-8ea5-b5566ee23450	A	A	23	22	True	False	False	True	True
D_lowDNA_low6mA	chr16:30005486-30005986	chr16	30005965	G	ff2ebf09-e6c5-44a6-9adc-bcf131d2f326	6556a236-54b3-45f7-8ea5-b5566ee23450	C	C	25	35	True	False	False	True	True
D_lowDNA_low6mA	chr16:30005486-30005986	chr16	30005966	C	ff2ebf09-e6c5-44a6-9adc-bcf131d2f326	6556a236-54b3-45f7-8ea5-b5566ee23450	G	G	24	34	True	False	False	True	True
D_lowDNA_low6mA	chr16:30005486-30005986	chr16	30005967	A	ff2ebf09-e6c5-44a6-9adc-bcf131d2f326	6556a236-54b3-45f7-8ea5-b5566ee23450	T	T	29	40	True	False	False	True	True
D_lowDNA_low6mA	chr16:30005486-30005986	chr16	30005968	T	ff2ebf09-e6c5-44a6-9adc-bcf131d2f326	6556a236-54b3-45f7-8ea5-b5566ee23450	A	A	33	38	True	False	False	True	True
D_lowDNA_low6mA	chr16:30005486-30005986	chr16	30005969	A	ff2ebf09-e6c5-44a6-9adc-bcf131d2f326	6556a236-54b3-45f7-8ea5-b5566ee23450	T	T	34	41	True	False	False	True	True
D_lowDNA_low6mA	chr16:30005486-30005986	chr16	30005970	T	ff2ebf09-e6c5-44a6-9adc-bcf131d2f326	6556a236-54b3-45f7-8ea5-b5566ee23450	A	A	32	41	True	False	False	True	True
D_lowDNA_low6mA	chr16:30005486-30005986	chr16	30005971	T	ff2ebf09-e6c5-44a6-9adc-bcf131d2f326	6556a236-54b3-45f7-8ea5-b5566ee23450	A	A	32	39	True	False	False	True	True
D_lowDNA_low6mA	chr16:30005486-30005986	chr16	30005972	T	ff2ebf09-e6c5-44a6-9adc-bcf131d2f326	6556a236-54b3-45f7-8ea5-b5566ee23450	A	A	33	39	True	False	False	True	True
D_lowDNA_low6mA	chr16:30005486-30005986	chr16	30005973	G	ff2ebf09-e6c5-44a6-9adc-bcf131d2f326	6556a236-54b3-45f7-8ea5-b5566ee23450	C	C	34	46	True	False	False	True	True
D_lowDNA_low6mA	chr16:30005486-30005986	chr16	30005974	C	ff2ebf09-e6c5-44a6-9adc-bcf131d2f326	6556a236-54b3-45f7-8ea5-b5566ee23450	G	G	32	44	True	False	False	True	True
D_lowDNA_low6mA	chr16:30005486-30005986	chr16	30005975	A	ff2ebf09-e6c5-44a6-9adc-bcf131d2f326	6556a236-54b3-45f7-8ea5-b5566ee23450	T	T	28	42	True	False	False	True	True
D_lowDNA_low6mA	chr16:30005486-30005986	chr16	30005976	G	ff2ebf09-e6c5-44a6-9adc-bcf131d2f326	6556a236-54b3-45f7-8ea5-b5566ee23450	C	C	28	40	True	False	False	True	True
D_lowDNA_low6mA	chr16:30005486-30005986	chr16	30005977	G	ff2ebf09-e6c5-44a6-9adc-bcf131d2f326	6556a236-54b3-45f7-8ea5-b5566ee23450	C	C	24	43	True	False	False	True	True
D_lowDNA_low6mA	chr16:30005486-30005986	chr16	30005978	G	ff2ebf09-e6c5-44a6-9adc-bcf131d2f326	6556a236-54b3-45f7-8ea5-b5566ee23450	C	C	24	50	True	False	False	True	True
D_lowDNA_low6mA	chr16:30005486-30005986	chr16	30005979	A	ff2ebf09-e6c5-44a6-9adc-bcf131d2f326	6556a236-54b3-45f7-8ea5-b5566ee23450	T	T	26	36	True	False	False	True	True
D_lowDNA_low6mA	chr16:30005486-30005986	chr16	30005980	C	ff2ebf09-e6c5-44a6-9adc-bcf131d2f326	6556a236-54b3-45f7-8ea5-b5566ee23450	G	G	26	35	True	False	False	True	True
D_lowDNA_low6mA	chr16:30005486-30005986	chr16	30005981	T	ff2ebf09-e6c5-44a6-9adc-bcf131d2f326	6556a236-54b3-45f7-8ea5-b5566ee23450	A	A	27	43	True	False	False	True	True
D_lowDNA_low6mA	chr16:30005486-30005986	chr16	30005982	A	ff2ebf09-e6c5-44a6-9adc-bcf131d2f326	6556a236-54b3-45f7-8ea5-b5566ee23450	T	T	34	42	True	False	False	True	True
D_lowDNA_low6mA	chr16:30005486-30005986	chr16	30005983	G	ff2ebf09-e6c5-44a6-9adc-bcf131d2f326	6556a236-54b3-45f7-8ea5-b5566ee23450	C	C	34	50	True	False	False	True	True
D_lowDNA_low6mA	chr16:30005486-30005986	chr16	30005984	C	ff2ebf09-e6c5-44a6-9adc-bcf131d2f326	6556a236-54b3-45f7-8ea5-b5566ee23450	G	G	32	50	True	False	False	True	True
D_lowDNA_low6mA	chr16:30005486-30005986	chr16	30005985	G	ff2ebf09-e6c5-44a6-9adc-bcf131d2f326	6556a236-54b3-45f7-8ea5-b5566ee23450	C	C	34	46	True	False	False	True	True
