case	offset_from_locus	read_A_base	read_B_base	bases_match
same_locus_different_6mA	-80	A	C	False
same_locus_different_6mA	-79	C	T	False
same_locus_different_6mA	-78	T	C	False
same_locus_different_6mA	-77	C	A	False
same_locus_different_6mA	-76	A	A	True
same_locus_different_6mA	-75	A	C	False
same_locus_different_6mA	-74	C	C	True
same_locus_different_6mA	-73	C	A	False
same_locus_different_6mA	-72	A	G	False
same_locus_different_6mA	-71	G	T	False
same_locus_different_6mA	-70	T	C	False
same_locus_different_6mA	-69	C	T	False
same_locus_different_6mA	-68	T	T	True
same_locus_different_6mA	-67	T	G	False
same_locus_different_6mA	-66	G	A	False
same_locus_different_6mA	-65	A	C	False
same_locus_different_6mA	-64	C	C	True
same_locus_different_6mA	-63	C	A	False
same_locus_different_6mA	-62	A	G	False
same_locus_different_6mA	-61	G	C	False
same_locus_different_6mA	-60	C	C	True
same_locus_different_6mA	-59	C	T	False
same_locus_different_6mA	-58	T	A	False
same_locus_different_6mA	-57	A	C	False
same_locus_different_6mA	-56	C	C	True
same_locus_different_6mA	-55	C	C	True
same_locus_different_6mA	-54	C	A	False
same_locus_different_6mA	-53	A	G	False
same_locus_different_6mA	-52	G	A	False
same_locus_different_6mA	-51	A	A	True
same_locus_different_6mA	-50	A	C	False
same_locus_different_6mA	-49	C	C	True
same_locus_different_6mA	-48	C	T	False
same_locus_different_6mA	-47	T	C	False
same_locus_different_6mA	-46	C	T	False
same_locus_different_6mA	-45	T	T	True
same_locus_different_6mA	-44	T	A	False
same_locus_different_6mA	-43	A	G	False
same_locus_different_6mA	-42	G	T	False
same_locus_different_6mA	-41	T	G	False
same_locus_different_6mA	-40	G	C	False
same_locus_different_6mA	-39	C	T	False
same_locus_different_6mA	-38	T	C	False
same_locus_different_6mA	-37	C	A	False
same_locus_different_6mA	-36	A	G	False
same_locus_different_6mA	-35	G	G	True
same_locus_different_6mA	-34	G	A	False
same_locus_different_6mA	-33	A	G	False
same_locus_different_6mA	-32	G	A	False
same_locus_different_6mA	-31	A	A	True
same_locus_different_6mA	-30	G	G	True
same_locus_different_6mA	-29	G	G	True
same_locus_different_6mA	-28	A	A	True
same_locus_different_6mA	-27	G	G	True
same_locus_different_6mA	-26	A	A	True
same_locus_different_6mA	-25	T	T	True
same_locus_different_6mA	-24	A	A	True
same_locus_different_6mA	-23	G	G	True
same_locus_different_6mA	-22	G	G	True
same_locus_different_6mA	-21	G	G	True
same_locus_different_6mA	-20	A	A	True
same_locus_different_6mA	-19	T	C	False
same_locus_different_6mA	-18	T	T	True
same_locus_different_6mA	-17	T	T	True
same_locus_different_6mA	-16	G	G	True
same_locus_different_6mA	-15	C	C	True
same_locus_different_6mA	-14	T	T	True
same_locus_different_6mA	-13	A	A	True
same_locus_different_6mA	-12	A	G	False
same_locus_different_6mA	-11	A	A	True
same_locus_different_6mA	-10	C	C	True
same_locus_different_6mA	-9	T	T	True
same_locus_different_6mA	-8	T	T	True
same_locus_different_6mA	-7	G	G	True
same_locus_different_6mA	-6	G	G	True
same_locus_different_6mA	-5	C	C	True
same_locus_different_6mA	-4	C	C	True
same_locus_different_6mA	-3	T	T	True
same_locus_different_6mA	-2	C	C	True
same_locus_different_6mA	-1	A	A	True
same_locus_different_6mA	0	A	A	True
same_locus_different_6mA	1	C	C	True
same_locus_different_6mA	2	C	C	True
same_locus_different_6mA	3	T	T	True
same_locus_different_6mA	4	G	G	True
same_locus_different_6mA	5	G	G	True
same_locus_different_6mA	6	G	G	True
same_locus_different_6mA	7	G	G	True
same_locus_different_6mA	8	T	T	True
same_locus_different_6mA	9	G	G	True
same_locus_different_6mA	10	G	G	True
same_locus_different_6mA	11	T	T	True
same_locus_different_6mA	12	G	G	True
same_locus_different_6mA	13	G	G	True
same_locus_different_6mA	14	G	G	True
same_locus_different_6mA	15	C	C	True
same_locus_different_6mA	16	A	A	True
same_locus_different_6mA	17	G	G	True
same_locus_different_6mA	18	A	A	True
same_locus_different_6mA	19	G	G	True
same_locus_different_6mA	20	T	T	True
same_locus_different_6mA	21	G	G	True
same_locus_different_6mA	22	C	T	False
same_locus_different_6mA	23	A	G	False
same_locus_different_6mA	24	G	C	False
same_locus_different_6mA	25	A	A	True
same_locus_different_6mA	26	T	G	False
same_locus_different_6mA	27	A	A	True
same_locus_different_6mA	28	T	T	True
same_locus_different_6mA	29	G	A	False
same_locus_different_6mA	30	G	T	False
same_locus_different_6mA	31	A	G	False
same_locus_different_6mA	32	T	G	False
same_locus_different_6mA	33	G	A	False
same_locus_different_6mA	34	C	T	False
same_locus_different_6mA	35	A	G	False
same_locus_different_6mA	36	G	C	False
same_locus_different_6mA	37	A	A	True
same_locus_different_6mA	38	C	G	False
same_locus_different_6mA	39	G	A	False
same_locus_different_6mA	40	A	C	False
same_locus_different_6mA	41	C	G	False
same_locus_different_6mA	42	A	A	True
same_locus_different_6mA	43	T	C	False
same_locus_different_6mA	44	C	A	False
same_locus_different_6mA	45	A	T	False
same_locus_different_6mA	46	A	C	False
same_locus_different_6mA	47	C	A	False
same_locus_different_6mA	48	A	A	True
same_locus_different_6mA	49	G	C	False
same_locus_different_6mA	50	C	A	False
same_locus_different_6mA	51	A	G	False
same_locus_different_6mA	52	C	C	True
same_locus_different_6mA	53	A	A	True
same_locus_different_6mA	54	G	C	False
same_locus_different_6mA	55	G	A	False
same_locus_different_6mA	56	A	G	False
same_locus_different_6mA	57	T	G	False
same_locus_different_6mA	58	G	A	False
same_locus_different_6mA	59	A	T	False
same_locus_different_6mA	60	A	G	False
same_locus_different_6mA	61	A	A	True
same_locus_different_6mA	62	A	A	True
same_locus_different_6mA	63	C	A	False
same_locus_different_6mA	64	T	A	False
same_locus_different_6mA	65	G	C	False
same_locus_different_6mA	66	T	T	True
same_locus_different_6mA	67	G	G	True
same_locus_different_6mA	68	T	T	True
same_locus_different_6mA	69	T	G	False
same_locus_different_6mA	70	G	T	False
same_locus_different_6mA	71	G	T	False
same_locus_different_6mA	72	C	G	False
same_locus_different_6mA	73	C	G	False
same_locus_different_6mA	74	A	C	False
same_locus_different_6mA	75	G	C	False
same_locus_different_6mA	76	C	A	False
same_locus_different_6mA	77	C	G	False
same_locus_different_6mA	78	T	C	False
same_locus_different_6mA	79	C	C	True
same_locus_different_6mA	80	T	T	True
same_locus_similar_6mA_different_DNA	-80	A	G	False
same_locus_similar_6mA_different_DNA	-79	C	G	False
same_locus_similar_6mA_different_DNA	-78	T	A	False
same_locus_similar_6mA_different_DNA	-77	C	C	True
same_locus_similar_6mA_different_DNA	-76	A	C	False
same_locus_similar_6mA_different_DNA	-75	A	A	True
same_locus_similar_6mA_different_DNA	-74	C	G	False
same_locus_similar_6mA_different_DNA	-73	C	T	False
same_locus_similar_6mA_different_DNA	-72	A	A	True
same_locus_similar_6mA_different_DNA	-71	G	C	False
same_locus_similar_6mA_different_DNA	-70	T	T	True
same_locus_similar_6mA_different_DNA	-69	C	T	False
same_locus_similar_6mA_different_DNA	-68	T	G	False
same_locus_similar_6mA_different_DNA	-67	T	A	False
same_locus_similar_6mA_different_DNA	-66	G	C	False
same_locus_similar_6mA_different_DNA	-65	A	C	False
same_locus_similar_6mA_different_DNA	-64	C	A	False
same_locus_similar_6mA_different_DNA	-63	C	G	False
same_locus_similar_6mA_different_DNA	-62	A	C	False
same_locus_similar_6mA_different_DNA	-61	G	C	False
same_locus_similar_6mA_different_DNA	-60	C	T	False
same_locus_similar_6mA_different_DNA	-59	C	A	False
same_locus_similar_6mA_different_DNA	-58	T	C	False
same_locus_similar_6mA_different_DNA	-57	A	C	False
same_locus_similar_6mA_different_DNA	-56	C	C	True
same_locus_similar_6mA_different_DNA	-55	C	A	False
same_locus_similar_6mA_different_DNA	-54	C	G	False
same_locus_similar_6mA_different_DNA	-53	A	A	True
same_locus_similar_6mA_different_DNA	-52	G	A	False
same_locus_similar_6mA_different_DNA	-51	A	C	False
same_locus_similar_6mA_different_DNA	-50	A	C	False
same_locus_similar_6mA_different_DNA	-49	C	T	False
same_locus_similar_6mA_different_DNA	-48	C	G	False
same_locus_similar_6mA_different_DNA	-47	T	T	True
same_locus_similar_6mA_different_DNA	-46	C	T	False
same_locus_similar_6mA_different_DNA	-45	T	G	False
same_locus_similar_6mA_different_DNA	-44	T	A	False
same_locus_similar_6mA_different_DNA	-43	A	G	False
same_locus_similar_6mA_different_DNA	-42	G	T	False
same_locus_similar_6mA_different_DNA	-41	T	G	False
same_locus_similar_6mA_different_DNA	-40	G	C	False
same_locus_similar_6mA_different_DNA	-39	C	T	False
same_locus_similar_6mA_different_DNA	-38	T	C	False
same_locus_similar_6mA_different_DNA	-37	C	A	False
same_locus_similar_6mA_different_DNA	-36	A	G	False
same_locus_similar_6mA_different_DNA	-35	G	G	True
same_locus_similar_6mA_different_DNA	-34	G	A	False
same_locus_similar_6mA_different_DNA	-33	A	G	False
same_locus_similar_6mA_different_DNA	-32	G	A	False
same_locus_similar_6mA_different_DNA	-31	A	G	False
same_locus_similar_6mA_different_DNA	-30	G	G	True
same_locus_similar_6mA_different_DNA	-29	G	A	False
same_locus_similar_6mA_different_DNA	-28	A	G	False
same_locus_similar_6mA_different_DNA	-27	G	A	False
same_locus_similar_6mA_different_DNA	-26	A	T	False
same_locus_similar_6mA_different_DNA	-25	T	G	False
same_locus_similar_6mA_different_DNA	-24	A	A	True
same_locus_similar_6mA_different_DNA	-23	G	G	True
same_locus_similar_6mA_different_DNA	-22	G	G	True
same_locus_similar_6mA_different_DNA	-21	G	G	True
same_locus_similar_6mA_different_DNA	-20	A	A	True
same_locus_similar_6mA_different_DNA	-19	T	T	True
same_locus_similar_6mA_different_DNA	-18	T	T	True
same_locus_similar_6mA_different_DNA	-17	T	T	True
same_locus_similar_6mA_different_DNA	-16	G	G	True
same_locus_similar_6mA_different_DNA	-15	C	C	True
same_locus_similar_6mA_different_DNA	-14	T	T	True
same_locus_similar_6mA_different_DNA	-13	A	A	True
same_locus_similar_6mA_different_DNA	-12	A	G	False
same_locus_similar_6mA_different_DNA	-11	A	A	True
same_locus_similar_6mA_different_DNA	-10	C	C	True
same_locus_similar_6mA_different_DNA	-9	T	T	True
same_locus_similar_6mA_different_DNA	-8	T	T	True
same_locus_similar_6mA_different_DNA	-7	G	G	True
same_locus_similar_6mA_different_DNA	-6	G	G	True
same_locus_similar_6mA_different_DNA	-5	C	C	True
same_locus_similar_6mA_different_DNA	-4	C	C	True
same_locus_similar_6mA_different_DNA	-3	T	T	True
same_locus_similar_6mA_different_DNA	-2	C	C	True
same_locus_similar_6mA_different_DNA	-1	A	A	True
same_locus_similar_6mA_different_DNA	0	A	A	True
same_locus_similar_6mA_different_DNA	1	C	C	True
same_locus_similar_6mA_different_DNA	2	C	C	True
same_locus_similar_6mA_different_DNA	3	T	T	True
same_locus_similar_6mA_different_DNA	4	G	G	True
same_locus_similar_6mA_different_DNA	5	G	G	True
same_locus_similar_6mA_different_DNA	6	G	G	True
same_locus_similar_6mA_different_DNA	7	G	G	True
same_locus_similar_6mA_different_DNA	8	T	T	True
same_locus_similar_6mA_different_DNA	9	G	G	True
same_locus_similar_6mA_different_DNA	10	G	G	True
same_locus_similar_6mA_different_DNA	11	T	T	True
same_locus_similar_6mA_different_DNA	12	G	G	True
same_locus_similar_6mA_different_DNA	13	G	G	True
same_locus_similar_6mA_different_DNA	14	G	G	True
same_locus_similar_6mA_different_DNA	15	C	C	True
same_locus_similar_6mA_different_DNA	16	A	A	True
same_locus_similar_6mA_different_DNA	17	G	G	True
same_locus_similar_6mA_different_DNA	18	A	A	True
same_locus_similar_6mA_different_DNA	19	G	G	True
same_locus_similar_6mA_different_DNA	20	T	T	True
same_locus_similar_6mA_different_DNA	21	G	G	True
same_locus_similar_6mA_different_DNA	22	C	T	False
same_locus_similar_6mA_different_DNA	23	A	G	False
same_locus_similar_6mA_different_DNA	24	G	C	False
same_locus_similar_6mA_different_DNA	25	A	A	True
same_locus_similar_6mA_different_DNA	26	T	G	False
same_locus_similar_6mA_different_DNA	27	A	G	False
same_locus_similar_6mA_different_DNA	28	T	G	False
same_locus_similar_6mA_different_DNA	29	G	C	False
same_locus_similar_6mA_different_DNA	30	G	A	False
same_locus_similar_6mA_different_DNA	31	A	G	False
same_locus_similar_6mA_different_DNA	32	T	A	False
same_locus_similar_6mA_different_DNA	33	G	T	False
same_locus_similar_6mA_different_DNA	34	C	A	False
same_locus_similar_6mA_different_DNA	35	A	T	False
same_locus_similar_6mA_different_DNA	36	G	G	True
same_locus_similar_6mA_different_DNA	37	A	G	False
same_locus_similar_6mA_different_DNA	38	C	A	False
same_locus_similar_6mA_different_DNA	39	G	T	False
same_locus_similar_6mA_different_DNA	40	A	G	False
same_locus_similar_6mA_different_DNA	41	C	C	True
same_locus_similar_6mA_different_DNA	42	A	A	True
same_locus_similar_6mA_different_DNA	43	T	G	False
same_locus_similar_6mA_different_DNA	44	C	A	False
same_locus_similar_6mA_different_DNA	45	A	C	False
same_locus_similar_6mA_different_DNA	46	A	G	False
same_locus_similar_6mA_different_DNA	47	C	A	False
same_locus_similar_6mA_different_DNA	48	A	C	False
same_locus_similar_6mA_different_DNA	49	G	A	False
same_locus_similar_6mA_different_DNA	50	C	T	False
same_locus_similar_6mA_different_DNA	51	A	C	False
same_locus_similar_6mA_different_DNA	52	C	A	False
same_locus_similar_6mA_different_DNA	53	A	A	True
same_locus_similar_6mA_different_DNA	54	G	C	False
same_locus_similar_6mA_different_DNA	55	G	A	False
same_locus_similar_6mA_different_DNA	56	A	G	False
same_locus_similar_6mA_different_DNA	57	T	C	False
same_locus_similar_6mA_different_DNA	58	G	A	False
same_locus_similar_6mA_different_DNA	59	A	C	False
same_locus_similar_6mA_different_DNA	60	A	A	True
same_locus_similar_6mA_different_DNA	61	A	G	False
same_locus_similar_6mA_different_DNA	62	A	G	False
same_locus_similar_6mA_different_DNA	63	C	G	False
same_locus_similar_6mA_different_DNA	64	T	A	False
same_locus_similar_6mA_different_DNA	65	G	T	False
same_locus_similar_6mA_different_DNA	66	T	T	True
same_locus_similar_6mA_different_DNA	67	G	G	True
same_locus_similar_6mA_different_DNA	68	T	A	False
same_locus_similar_6mA_different_DNA	69	T	A	False
same_locus_similar_6mA_different_DNA	70	G	A	False
same_locus_similar_6mA_different_DNA	71	G	A	False
same_locus_similar_6mA_different_DNA	72	C	C	True
same_locus_similar_6mA_different_DNA	73	C	T	False
same_locus_similar_6mA_different_DNA	74	A	G	False
same_locus_similar_6mA_different_DNA	75	G	T	False
same_locus_similar_6mA_different_DNA	76	C	G	False
same_locus_similar_6mA_different_DNA	77	C	T	False
same_locus_similar_6mA_different_DNA	78	T	G	False
same_locus_similar_6mA_different_DNA	79	C	G	False
same_locus_similar_6mA_different_DNA	80	T	C	False
